wikisource;670;nr
org;668;nr
https;667;nr
fr;661;nr
wiki;646;nr
page;620;nom
djvu;609;nr
_bourses_de_voyage;608;nr
3averne_;597;nr
2c_hetzel;597;nr
2c_1904;597;nr
alert;474;nr
harry;427;nr
patterson;423;nr
markel;420;nr
2c_tome_1;306;nr
2c_tome_2;291;nr
île;243;nom
heure;229;nom
capitaine;228;nom
will;226;nr
mitz;222;nr
mer;218;nom
aller;218;ver
navire;217;nom
prendre;216;ver
jeune;212;adj
saint;208;adj
bord;203;nom
répondre;198;ver
venir;193;ver
john;192;nr
grand;190;adj
tony;182;nr
renault;173;nr
passager;173;nom
voir;170;ver
louis;163;nom
jour;163;nom
mrs;159;nr
clodion;154;nr
homme;148;nom
mettre;142;ver
équipage;140;nom
rester;140;ver
antilles;140;nr
vent;134;nom
paxton;134;nr
corty;129;nr
temps;128;nom
voyage;124;nom
premier;121;adj
port;116;nom
carpenter;116;nr
terre;114;nom
demander;113;ver
canot;107;nom
nuit;103;nom
briser;103;ver
antilian;103;nr
seymour;102;nr
compagnon;102;nom
kethlen;101;nr
donner;100;ver
school;97;nr
trouver;96;ver
tenir;96;ver
attendre;96;ver
main;94;nom
hinsdale;92;nr
bâtiment;92;nom
horatio;91;nr
camarade;91;nom
anglais;91;adj
doute;90;nom
dernier;89;adj
roger;88;nr
passer;88;ver
laisser;87;ver
connaître;85;ver
matelot;84;nom
fois;84;nom
barbade;82;nr
revenir;80;ver
embarcation;80;nom
quitter;78;ver
lever;78;ver
français;78;adj
reprendre;77;ver
arriver;76;ver
magnus;74;nr
moment;73;nom
maître;73;nom
garçon;73;nom
anders;73;nr
rendre;72;ver
queenstown;72;nr
perkins;72;nr
ajouter;72;ver
petit;71;adj
large;71;adj
entendre;70;ver
dunette;70;nom
voile;69;nom
effet;69;nom
comprendre;69;ver
ville;68;nom
observer;68;ver
cabine;68;nom
paraître;65;ver
traversée;64;nom
pont;64;nom
long;64;adj
eau;64;nom
baie;64;nom
mentor;63;nom
lieu;63;nom
condition;62;nom
seul;61;adj
déclarer;61;ver
route;60;nom
nom;60;nom
vrai;59;adj
montrer;59;ver
harboe;59;nr
travers;57;nom
peine;57;nom
milieu;57;nom
famille;57;nom
partir;56;ver
marin;56;nom
lauréat;56;nom
howard;56;nr
apercevoir;56;ver
écrier;55;ver
échapper;55;ver
pied;55;nom
hubert;55;nr
martinique;54;nr
coup;54;nom
bas;54;adj
visiter;52;ver
suivre;52;ver
sortir;52;ver
question;52;nom
direction;52;nom
carré;52;adj
assurer;52;ver
anse;52;nom
possible;50;adj
pointe;50;nom
nouveau;50;adj
france;50;nr
départ;50;nom
trois_mâts;49;nom
recevoir;49;ver
perdre;49;ver
courir;49;ver
soir;48;nom
état;47;nom
raison;47;nom
parler;47;ver
ouest;47;nom
occuper;47;ver
cork;47;nr
année;47;nom
répéter;46;ver
relâcher;46;ver
angleterre;46;nom
soleil;45;nom
reconnaître;45;ver
quart;45;nom
mât;45;nom
haut;45;adj
europe;45;nr
convenir;45;ver
colonie;45;nom
ardagh;45;nr
agir;45;ver
sembler;44;ver
porter;44;ver
côté;44;nom
barre;44;nom
pensionnaire;43;nom
partie;43;nom
instant;43;nom
fond;43;nom
côte;43;nom
craindre;43;ver
permettre;42;ver
penser;42;ver
parage;42;nom
mouillage;42;nom
jeter;42;ver
sentir;41;ver
embarquer;41;ver
compter;41;ver
chercher;41;ver
arrivée;41;nom
tomber;40;ver
rencontrer;40;ver
niels;40;nr
journée;40;nom
garder;40;ver
farmar;40;nr
courant;40;adj
établir;39;ver
porte;39;nom
place;39;nom
pavillon;39;nom
horizon;39;nom
calme;39;nom
gagner;38;ver
excellent;38;adj
conduire;38;ver
atlantique;38;adj
antigoa;38;nr
ancre;38;nom
thomas;37;nom
présenter;37;ver
poste;37;nom
part;37;nom
occidental;37;adj
lucie;37;nr
inde;37;nom
guadeloupe;37;nr
beau;37;adj
aussitôt;37;adv
éloigner;36;ver
valoir;36;ver
situation;36;nom
retour;36;nom
parvenir;36;ver
ouvrir;36;ver
gens;36;nom
distance;36;nom
continuer;36;ver
cas;36;nom
wickborn;35;nr
ranyah;35;nr
mot;35;nom
axel;35;nom
archipel;35;nom
étendre;34;ver
époque;34;nom
veille;34;nom
tarder;34;ver
oeil;34;nom
nombre;34;nom
livre;34;nom
directeur;34;nom
devenir;34;ver
commencer;34;ver
chose;34;nom
albertus;34;nr
rentrer;33;ver
monter;33;ver
dominique;33;nr
descendre;33;ver
danger;33;nom
cri;33;nom
compte;33;nom
circonstance;33;nom
bande;33;nom
songer;32;ver
ordre;32;nom
navigation;32;nom
leuwen;32;nr
favorable;32;adj
bientôt;32;adv
barrand;32;nr
appeler;32;ver
abandonner;32;ver
quai;31;nom
près_de;31;adv
matin;31;nom
impossible;31;adj
hunier;31;nom
honneur;31;nom
déjeuner;31;ver
cogh;31;nr
approcher;31;ver
ami;31;nom
séparer;30;ver
sud;30;nom
répliquer;30;ver
espérer;30;ver
envoyer;30;ver
diriger;30;ver
concours;30;nom
cap;30;nom
assurément;30;adv
amener;30;ver
somme;29;nom
seulement;29;adv
relever;29;ver
nuage;29;nom
indiquer;29;ver
canal;29;nom
boursier;29;adj
atteindre;29;ver
arrêter;29;ver
économe;28;nom
voix;28;nom
steamer;28;nom
plutôt;28;adv
mois;28;nom
misaine;28;nom
martin;28;nom
lettre;28;nom
heureux;28;adj
halifax;28;nr
finir;28;ver
tête;27;nom
surface;27;nom
servir;27;ver
retrouver;27;ver
produire;27;ver
pousser;27;ver
offrir;27;ver
monde;27;nom
marcher;27;ver
hollandais;27;nom
hisser;27;ver
effectuer;27;ver
disposition;27;nom
ciel;27;nom
chance;27;nom
campagne;27;nom
cale;27;nom
c3;27;nr
vivre;26;ver
surprendre;26;ver
serpent;26;nom
remonter;26;ver
officier;26;nom
océan;26;nom
mauvais;26;adj
manière;26;nom
danois;26;adj
coucher;26;ver
causer;26;ver
arbre;26;nom
appartenir;26;ver
visite;25;nom
souffler;25;ver
rejoindre;25;ver
police;25;nom
nord;25;nom
minute;25;nom
importer;25;ver
franchir;25;ver
excursion;25;nom
difficile;25;adj
coeur;25;nom
brume;25;nom
vapeur;24;nom
table;24;nom
suffire;24;ver
service;24;nom
regarder;24;ver
ramener;24;ver
posséder;24;ver
personnel;24;adj
pays;24;nom
maison;24;nom
irlande;24;nr
inquiétude;24;nom
dépasser;24;ver
croix;24;nom
conserver;24;ver
bras;24;nom
bourse;24;nom
antilie;24;nr
affaire;24;nom
achever;24;ver
éviter;23;ver
éprouver;23;ver
tirer;23;ver
tempête;23;nom
soin;23;nom
retard;23;nom
noir;23;adj
naturel;23;adj
mesure;23;nom
habitude;23;nom
fin;23;nom
dormir;23;ver
disparaître;23;ver
colon;23;nom
wagah;22;nr
unir;22;ver
tour;22;nom
sérieux;22;adj
sommeil;22;nom
semaine;22;nom
seconde;22;nom
regagner;22;ver
prêt;22;adj
oublier;22;ver
nord_est;22;nom
mètre;22;nom
misérable;22;adj
midi;22;nom
matinée;22;nom
maritime;22;adj
liverpool;22;nr
littoral;22;nom
intention;22;nom
habitant;22;nom
force;22;nom
fixer;22;ver
durer;22;ver
commander;22;ver
barthélemy;22;nr
tribord;21;nom
sud_ouest;21;nom
regard;21;nom
propos;21;nom
profiter;21;ver
obliger;21;ver
malfaiteur;21;nom
ligne;21;nom
latin;21;adj
kilomètre;21;nom
houle;21;nom
hauteur;21;nom
feu;21;nom
extrême;21;adj
constables;21;nr
britannique;21;adj
bout;21;nom
aviron;21;nom
asseoir;21;ver
alizé;21;nom
voilure;20;nom
souvenir;20;ver
rue;20;nom
recherche;20;nom
prison;20;nom
possession;20;nom
pirate;20;nom
nécessaire;20;adj
mouvement;20;nom
marée;20;nom
manquer;20;ver
index;20;nom
important;20;adj
imaginer;20;ver
guère;20;adv
gros;20;adj
george;20;nr
expliquer;20;ver
espoir;20;nom
entrer;20;ver
droit;20;nom
confiance;20;nom
caraïbe;20;nom
air;20;nom
admettre;20;ver
écouter;19;ver
écouler;19;ver
échanger;19;ver
voisin;19;nom
violent;19;adj
vie;19;nom
risquer;19;ver
rire;19;ver
précaution;19;nom
prudent;19;adj
projet;19;nom
prime;19;nom
parent;19;nom
pacifique;19;adj
installer;19;ver
guerre;19;nom
groupe;19;nom
fugitif;19;nom
essex;19;nr
entrée;19;nom
entraîner;19;ver
entier;19;adj
emparer;19;ver
décider;19;ver
début;19;nom
débarquer;19;ver
date;19;nom
cours;19;nom
concerner;19;ver
commerce;19;nom
charger;19;ver
changer;19;ver
bâbord;19;nom
bourses_de_voyage;19;nr
appuyer;19;ver
accompagner;19;ver
accepter;19;ver
w;18;nom
vitesse;18;nom
vieux;18;adj
verre;18;nom
vergue;18;nom
toucher;18;ver
title;18;nr
taverne;18;nom
surplus;18;nom
réponse;18;nom
revoir;18;nom
retourner;18;ver
remplir;18;ver
prolonger;18;ver
prochain;18;adj
php;18;nr
pensée;18;nom
occasion;18;nom
hôte;18;nom
exposer;18;ver
essayer;18;ver
esprit;18;nom
défendre;18;ver
digne;18;adj
complet;18;adj
appareiller;18;ver
accueil;18;nom
accoster;18;ver
étonner;17;ver
établissement;17;nom
élève;17;nom
vif;17;adj
vaste;17;adj
touriste;17;nom
terme;17;nom
sûr;17;adj
suédois;17;nom
sud_est;17;nom
situer;17;ver
réussir;17;ver
résister;17;ver
retarder;17;ver
remettre;17;ver
remarquer;17;ver
quartier;17;nom
prévenir;17;ver
présent;17;nom
présence;17;nom
précisément;17;adv
pitre;17;nom
nombreux;17;adj
naître;17;ver
maintenir;17;ver
intérieur;17;nom
idée;17;nom
hollande;17;nom
habiter;17;ver
glisser;17;ver
empêcher;17;ver
emporter;17;ver
dîner;17;nom
doux;17;adj
cuisinier;17;nom
corps;17;nom
conversation;17;nom
citation;17;nom
christian;17;nr
capitale;17;nom
bruit;17;nom
blanc;17;adj
avantage;17;nom
appareillage;17;nom
traiter;16;ver
sujet;16;nom
réveiller;16;ver
réunir;16;ver
riche;16;adj
repas;16;nom
pourvoir;16;ver
population;16;nom
phrase;16;nom
particulièrement;16;adv
nouvelle;16;adj
nationalité;16;nom
mériter;16;ver
mère;16;nom
morden;16;nr
meilleur;16;adj
marine;16;adj
manoeuvrer;16;ver
langue;16;nom
gaillard;16;nom
fréquenter;16;ver
frais;16;adj
fox;16;nom
foc;16;nom
exploration;16;nom
espagnol;16;nom
ensemble;16;adv
désirer;16;ver
disposer;16;ver
christophe;16;nr
brigantine;16;nom
blue;16;nr
attirer;16;ver
apparaître;16;ver
amérique;16;nom
amarre;16;nom
agréable;16;adj
épais;15;adj
virer;15;ver
traverser;15;ver
terminer;15;ver
sucre;15;nom
sp;15;nr
soirée;15;nom
second;15;adj
saluer;15;ver
retirer;15;ver
rang;15;nom
qualité;15;nom
prudence;15;nom
provision;15;nom
principal;15;adj
passage;15;nom
parcourir;15;ver
panneau;15;nom
oncle;15;nom
obscurité;15;nom
nording;15;nr
mouiller;15;ver
léger;15;adj
lieutenant;15;nom
importance;15;nom
house;15;nom
frapper;15;ver
forêt;15;nom
forme;15;nom
flot;15;nom
fenêtre;15;nom
façon;15;nom
désir;15;nom
découvrir;15;ver
domaine;15;nom
destination;15;nom
crier;15;ver
couper;15;ver
commandant;15;nom
cacher;15;ver
apprendre;15;ver
annoncer;15;ver
aider;15;ver
aide;15;nom
a9cial;15;nr
éclater;14;ver
âgé;14;adj
virgile;14;nr
vain;14;adj
troisième;14;nom
terrible;14;adj
tenter;14;ver
tendre;14;ver
suède;14;nom
surprise;14;nom
superbe;14;adj
suite;14;nom
sorte;14;nom
sol;14;nom
signaler;14;ver
satisfaction;14;nom
résultat;14;nom
royaume;14;nom
retenir;14;ver
ressentir;14;ver
regretter;14;ver
refuser;14;ver
rapprocher;14;ver
pêche;14;nom
prévoir;14;ver
préparer;14;ver
poisson;14;nom
plaisir;14;nom
placer;14;ver
parole;14;nom
origine;14;nom
naviguer;14;ver
nature;14;nom
montagne;14;nom
livrer;14;ver
larguer;14;ver
lame;14;nom
juin;14;nom
inutile;14;adj
incident;14;nom
général;14;adj
fichier;14;nom
extrémité;14;nom
endroit;14;nom
diminuer;14;ver
couvrir;14;ver
contraire;14;nom
contenir;14;ver
considérable;14;adj
compliment;14;nom
bouche;14;nom
août;14;nom
ancien;14;adj
absence;14;nom
îlot;13;nom
violence;13;nom
tranquille;13;adj
tourner;13;ver
texte_entier;13;nr
tenue;13;nom
souffle;13;nom
septembre;13;nom
santé;13;nom
salle;13;nom
réserver;13;ver
roulis;13;nom
rencontre;13;nom
recommander;13;ver
rapporter;13;ver
rallier;13;ver
promener;13;ver
planteur;13;nom
plantation;13;nom
obtenir;13;ver
murmurer;13;ver
moyenne;13;nom
morne;13;adj
mari;13;nom
magnifique;13;adj
lire;13;ver
horace;13;nr
habitation;13;nom
généreux;13;adj
fumée;13;nom
fuir;13;ver
frère;13;nom
femme;13;nom
exiger;13;ver
enlever;13;ver
décidément;13;adv
débarrasser;13;ver
dieu;13;nom
demeurer;13;ver
culture;13;nom
crime;13;nom
conseil;13;nom
connaissance;13;nom
compromettre;13;ver
communication;13;nom
chiffre;13;nom
cadre;13;nom
boire;13;ver
besoin;13;nom
appontement;13;nom
affirmer;13;ver
adresser;13;ver
accomplir;13;ver
également;12;adv
âme;12;nom
voyageur;12;nom
voilier;12;nom
total;12;adj
saisir;12;ver
saint_pierre;12;nom
résoudre;12;ver
régler;12;ver
rivière;12;nom
reprise;12;nom
redouter;12;ver
rayon;12;nom
rappeler;12;ver
pénétrer;12;ver
prospérité;12;nom
promenade;12;nom
probablement;12;adv
prier;12;ver
poser;12;ver
policeman;12;nom
orage;12;nom
observation;12;nom
natal;12;adj
moitié;12;nom
massacre;12;nom
manoeuvre;12;nom
juger;12;ver
jardin;12;nom
inspirer;12;ver
indigène;12;nom
impression;12;nom
immédiatement;12;adv
ignorer;12;ver
fraîchir;12;ver
formule;12;nom
fils;12;nom
exprimer;12;ver
exemple;12;nom
européen;12;nom
embrasser;12;ver
désert;12;adj
déposer;12;ver
danemark;12;nr
colonial;12;adj
cher;12;adj
certainement;12;adv
brave;12;adj
banc;12;nom
avenir;12;nom
au_delà;12;adv
argent;12;nom
antilians;12;nr
américain;12;nom
accueillir;12;ver
abri;12;nom
étendue;11;nom
éloge;11;nom
voiture;11;nom
victoria;11;nom
verne_;11;nr
travail;11;nom
séjour;11;nom
serrer;11;ver
réserve;11;nom
régulier;11;adj
région;11;nom
réclamer;11;ver
risque;11;nom
reparaître;11;ver
redescendre;11;ver
rassurer;11;ver
rare;11;adj
rapport;11;nom
préférer;11;ver
prononcer;11;ver
profondeur;11;nom
profond;11;adj
probable;11;adj
pluie;11;nom
pendre;11;ver
partager;11;ver
ordinaire;11;adj
nommer;11;ver
marigot;11;nom
lèvre;11;nom
lutte;11;nom
limite;11;nom
libre;11;adj
juillet;11;nom
joie;11;nom
intérêt;11;nom
introduire;11;ver
inquiéter;11;ver
impatience;11;nom
histoire;11;nom
habituer;11;ver
goût;11;nom
flanc;11;nom
figurer;11;ver
figure;11;nom
estomac;11;nom
employer;11;ver
désigner;11;ver
dépêcher;11;ver
durée;11;nom
demi_heure;11;nom
dangereux;11;adj
croiser;11;ver
crainte;11;nom
contenter;11;ver
citer;11;ver
chaud;11;adj
chapeau;11;nom
cesser;11;ver
capot;11;nom
cadavre;11;nom
bridgetown;11;nr
border;11;ver
bandit;11;nom
apparence;11;nom
allure;11;nom
adresse;11;nom
action;11;nom
acte;11;nom
accorder;11;ver
accord;11;nom
_tome_1;11;nr
_hetzel;11;nr
_1904;11;nr
éventualité;10;nom
émotion;10;nom
élever;10;ver
école;10;nom
véritable;10;adj
viande;10;nom
usage;10;nom
trouble;10;nom
toile;10;nom
tantôt;10;adv
siècle;10;nom
sage;10;adj
sac;10;nom
réflexion;10;nom
réduire;10;ver
réalité;10;nom
retentir;10;ver
responsabilité;10;nom
renoncer;10;ver
reconduire;10;ver
recommandation;10;nom
rapidement;10;adv
ranger;10;ver
prêter;10;ver
préparatif;10;nom
proposition;10;nom
promettre;10;ver
pratique;10;adj
poursuivre;10;ver
poursuite;10;nom
perroquet;10;nom
pareil;10;adj
nègre;10;nom
noyau;10;nom
nord_ouest;10;nom
mont;10;nom
modification;10;nom
menacer;10;ver
membre;10;nom
manger;10;ver
malheur;10;nom
jusqu_aux;10;nr
jusant;10;nom
julian;10;nr
insister;10;ver
incendie;10;nom
immobile;10;adj
gouverneur;10;nom
golfe;10;nom
franc;10;adj
fournir;10;ver
fonder;10;ver
fonction;10;nom
fermer;10;ver
facile;10;adj
entretenir;10;ver
enfant;10;nom
encalminé;10;adj
détail;10;nom
dépense;10;nom
définitivement;10;adv
découverte;10;nom
dur;10;adj
dissiper;10;ver
couleur;10;nom
conclure;10;ver
choisir;10;ver
changement;10;nom
centaine;10;nom
caractère;10;nom
butlar;10;nr
but;10;nom
bureau;10;nom
bref;10;adv
bordée;10;nom
bastingage;10;nom
aviso;10;nom
audace;10;nom
attitude;10;nom
appréhension;10;nom
affecter;10;ver
actuellement;10;adv
évidemment;9;adv
égard;9;nom
échelle;9;nom
victime;9;nom
troubler;9;ver
taille;9;nom
sympathique;9;adj
subir;9;ver
steward;9;nom
spécial;9;adj
soutenir;9;ver
signe;9;nom
sauver;9;ver
satisfaire;9;ver
retomber;9;ver
respirer;9;ver
renouveler;9;ver
remercier;9;ver
remerciement;9;nom
refuge;9;nom
reconnaissance;9;nom
périr;9;ver
péril;9;nom
propriété;9;nom
proposer;9;ver
prisonnier;9;nom
philsburg;9;nr
pari;9;nom
parfait;9;adj
paquebot;9;nom
papier;9;nom
ouragan;9;nom
oreille;9;nom
opération;9;nom
objet;9;nom
nécessité;9;nom
noter;9;ver
mâture;9;nom
mort;9;nom
mollir;9;ver
modifier;9;ver
marché;9;nom
légèrement;9;adv
lorgnette;9;nom
londres;9;nr
kate;9;nr
journal;9;nom
itinéraire;9;nom
interrompre;9;ver
individu;9;nom
incliner;9;ver
habituel;9;adj
guillon;9;nr
fortune;9;nom
former;9;ver
fer;9;nom
fatigue;9;nom
fameux;9;adj
falaise;9;nom
exécuter;9;ver
estimer;9;ver
escouade;9;nom
entièrement;9;adv
dégager;9;ver
défense;9;nom
drame;9;nom
double;9;adj
dominer;9;ver
distinguer;9;ver
degré;9;nom
continent;9;nom
constater;9;ver
complice;9;nom
classer;9;ver
cinquième;9;nom
château;9;nom
choix;9;nom
chemin;9;nom
chef;9;nom
chaleur;9;nom
cambuse;9;nom
bristol;9;nom
borner;9;ver
bois;9;nom
biscuit;9;nom
bermudes;9;nr
avancer;9;ver
autorité;9;nom
audacieux;9;adj
atmosphérique;9;adj
aspect;9;nom
amarrer;9;ver
allonger;9;ver
agent;9;nom
admirer;9;ver
adieu;9;nom
abriter;9;ver
évasion;8;nom
étroit;8;adj
époux;8;nom
élevé;8;adj
âge;8;nom
zone;8;nom
vingtaine;8;nom
villa;8;nom
tropical;8;adj
transporter;8;ver
tentative;8;nom
tangage;8;nom
suspect;8;nom
surveiller;8;ver
street;8;nr
signal;8;nom
sauter;8;ver
rôle;8;nom
résulter;8;ver
robert;8;nom
remplacer;8;ver
regret;8;nom
recueillir;8;ver
rafale;8;nom
raconter;8;ver
quinzaine;8;nom
père;8;nom
puissance;8;nom
précipiter;8;ver
prix;8;nom
presser;8;ver
portsmouth;8;nr
peupler;8;ver
peler;8;ver
patience;8;nom
oxford;8;nr
originaire;8;adj
orienter;8;ver
négliger;8;ver
menu;8;nom
massacrer;8;ver
malheureux;8;adj
lointain;8;adj
jouer;8;ver
joindre;8;ver
intéressant;8;adj
intervenir;8;ver
industriel;8;adj
imposer;8;ver
heureusement;8;adv
henry;8;nom
gêner;8;ver
grave;8;adj
gouvernail;8;nom
fréquemment;8;adv
froid;8;adj
forcer;8;ver
flamme;8;nom
favoriser;8;ver
faute;8;nom
fanal;8;nom
faible;8;adj
explication;8;nom
espace;8;nom
envie;8;nom
engager;8;ver
encablure;8;nom
domination;8;nom
disputer;8;ver
discussion;8;nom
cour;8;nom
coque;8;nom
conduite;8;nom
communiquer;8;ver
commun;8;adj
commettre;8;ver
colomb;8;nr
chaîne;8;nom
champ;8;nom
chambre;8;nom
castries;8;nr
caisse;8;nom
cabinet;8;nom
brouillard;8;nom
bretagne;8;nr
branche;8;nom
bourg;8;nom
baril;8;nom
balancer;8;ver
avouer;8;ver
avis;8;nom
aventure;8;nom
artimon;8;nom
apporter;8;ver
acquérir;8;ver
accroître;8;ver
éveiller;7;ver
étude;7;nom
étranger;7;nom
énergie;7;nom
élancer;7;ver
éducation;7;nom
éclairé;7;adj
xvii;7;nr
vêtement;7;nom
vérité;7;nom
vraiment;7;adv
vider;7;ver
vainement;7;adv
vacance;7;nom
tâche;7;nom
troupe;7;nom
transatlantique;7;nom
trace;7;nom
toast;7;nom
supérieur;7;adj
superficie;7;nom
succès;7;nom
successivement;7;adv
souhaiter;7;ver
souffrir;7;ver
sommet;7;nom
soixantaine;7;nom
soeur;7;nom
simple;7;adj
signifier;7;ver
septentrional;7;adj
secouer;7;ver
sang;7;nom
reptile;7;nom
reposer;7;ver
relâches;7;nr
redingote;7;nom
recourir;7;ver
rapidité;7;nom
rapide;7;adj
raidir;7;ver
race;7;nom
pur;7;adj
prétendre;7;ver
provoquer;7;ver
proie;7;nom
programme;7;nom
professeur;7;nom
preuve;7;nom
position;7;nom
portant;7;adj
poche;7;nom
plaisanter;7;ver
pauvre;7;adj
négociant;7;nom
ned;7;nr
naturellement;7;adv
mêler;7;ver
métier;7;nom
morceau;7;nom
mexique;7;nr
mariage;7;nom
lunette;7;nom
louvoyer;7;ver
lieue;7;nom
lancer;7;ver
jouir;7;ver
joli;7;adj
james;7;nr
intéresser;7;ver
interroger;7;ver
informer;7;ver
indien;7;nom
imprudence;7;nom
honnête;7;adj
haler;7;ver
habit;7;nom
grève;7;nom
geste;7;nom
fuite;7;nom
fruit;7;nom
formidable;7;adj
flotter;7;ver
filer;7;ver
fatiguer;7;ver
expédier;7;ver
existence;7;nom
espèce;7;nom
esclave;7;nom
erreur;7;nom
errer;7;ver
enfuir;7;ver
embarquement;7;nom
défaut;7;nom
déborder;7;ver
doubler;7;ver
deuxième;7;adj
destiner;7;ver
descendant;7;nom
cuisine;7;nom
croiseur;7;nom
cove;7;nr
coutelas;7;nom
contrée;7;nom
considérer;7;ver
consacrer;7;ver
confortable;7;adj
conformer;7;ver
concordia;7;nr
comptabilité;7;nom
colère;7;nom
cloison;7;nom
cite_ref;7;nr
cite_note;7;nr
centre;7;nom
carte;7;nom
cape;7;nom
canne;7;nom
baisser;7;ver
aventurer;7;ver
avaler;7;ver
autrement;7;adv
auteur;7;nom
attribuer;7;ver
antiliane;7;nr
angelum;7;nr
amure;7;nom
aisément;7;adv
aimer;7;ver
admiration;7;nom
absolument;7;adv
abord;7;nom
étoile;6;nom
épuiser;6;ver
énergique;6;adj
égal;6;adj
éclat;6;nom
échouer;6;ver
vivement;6;adv
visible;6;adj
vide;6;adj
valise;6;nom
valeur;6;nom
télégramme;6;nom
tuer;6;ver
tropique;6;nom
tromper;6;ver
trigonocéphale;6;nr
traîner;6;ver
travailler;6;ver
train;6;nom
traduire;6;ver
tonne;6;nom
thé;6;nom
testament;6;nom
tempérament;6;nom
sympathie;6;nom
suspendre;6;ver
superficiel;6;adj
suffisant;6;adj
succéder;6;ver
soumettre;6;ver
souhait;6;nom
solide;6;adj
soif;6;nom
signer;6;ver
serré;6;adj
sentiment;6;nom
sec;6;adj
scolaire;6;adj
sanglant;6;adj
sang_froid;6;nom
réprimer;6;ver
réglementaire;6;adj
réfugier;6;ver
rosam;6;nr
roche;6;nom
respectueux;6;adj
représenter;6;ver
relevé;6;adj
rejeter;6;ver
redoutable;6;adj
rechercher;6;ver
quatrième;6;nom
période;6;nom
production;6;nom
poitrine;6;nom
plaindre;6;ver
physionomie;6;nom
ombre;6;nom
oiseau;6;nom
obéir;6;ver
obscur;6;adj
notable;6;adj
neptune;6;nr
nantes;6;nr
méridional;6;adj
ménager;6;ver
mémoire;6;nom
moyen;6;nom
mourir;6;ver
minuit;6;nom
millier;6;nom
militaire;6;adj
légitime;6;adj
lutter;6;ver
lumière;6;nom
lourd;6;adj
longueur;6;nom
liquide;6;nom
liberté;6;nom
letorum;6;nr
ledit;6;adj
latitude;6;nom
largement;6;adv
joyeux;6;adj
jean;6;nom
jambe;6;nom
invitation;6;nom
institution;6;nom
instinct;6;nom
information;6;nom
inconnu;6;nom
improbable;6;adj
imagination;6;nom
hôtel;6;nom
hurrah;6;nom
humain;6;adj
hauban;6;nom
habitacle;6;nom
habile;6;adj
gin;6;nom
féliciter;6;ver
futur;6;adj
foi;6;nom
fly;6;nr
flottant;6;adj
fire;6;nr
farouche;6;adj
faim;6;nom
facilement;6;adv
face;6;nom
excès;6;nom
excellence;6;nom
examiner;6;ver
escale;6;nom
entourer;6;ver
désirade;6;nr
désastre;6;nom
déployer;6;ver
dénouement;6;nom
délai;6;nom
déhaler;6;ver
douzaine;6;nom
dirigeant;6;nom
directement;6;adv
demi_mille;6;nom
curieux;6;adj
courrier;6;nom
couchant;6;adj
coton;6;nom
contourner;6;ver
conséquence;6;nom
consentir;6;ver
concession;6;nom
compatriote;6;nom
coin;6;nom
classe;6;nom
clapotis;6;nom
cité;6;nom
charbon;6;nom
chaloupe;6;nom
cerise;6;nom
ceinture;6;nom
capable;6;adj
cabestan;6;nom
brandy;6;nom
boussole;6;nom
battre;6;ver
avancé;6;adj
attacher;6;ver
ascension;6;nom
appliquer;6;ver
agricole;6;adj
afrique;6;nr
abominable;6;adj
éveil;5;nom
éteindre;5;ver
étaler;5;ver
étai;5;nom
épouvantable;5;adj
énorme;5;adj
ému;5;adj
élément;5;nom
wikimedia;5;nr
well;5;nr
voyager;5;ver
volonté;5;nom
visiteur;5;nom
vigoureux;5;adj
veiller;5;ver
uniquement;5;adv
témoigner;5;ver
témoignage;5;nom
trinité;5;nom
tremblement;5;nom
toilette;5;nom
tiers;5;nom
texte;5;nom
température;5;nom
taud;5;nr
soupçonner;5;ver
soupçon;5;nom
sombre;5;adj
simplement;5;adv
sillage;5;nom
silence;5;nom
secousse;5;nom
salin;5;adj
saison;5;nom
résolution;5;nom
réseau;5;nom
régularité;5;nom
régner;5;ver
réclamation;5;nom
récit;5;nom
réaliser;5;ver
règle;5;nom
rouge;5;adj
rose_croix;5;nom
riposter;5;ver
rhum;5;nom
revêtir;5;ver
repos;5;nom
renfermer;5;ver
remède;5;nom
remarquable;5;adj
relation;5;nom
redoubler;5;ver
questionner;5;ver
quarantaine;5;nom
préoccuper;5;ver
précédent;5;adj
protéger;5;ver
propriétaire;5;nom
propre;5;adj
propager;5;ver
profondément;5;adv
proclamer;5;ver
principalement;5;adv
pressant;5;adj
prescription;5;nom
poignée;5;nom
pièce;5;nom
pilote;5;nom
perspective;5;nom
personnage;5;nom
permission;5;nom
penchant;5;nom
payer;5;ver
passion;5;nom
parfaitement;5;adv
paix;5;nom
opposer;5;ver
octobre;5;nom
occasionner;5;ver
noyer;5;ver
nourriture;5;nom
niveau;5;nom
mesurer;5;ver
masse;5;nom
marchand;5;nom
manifester;5;ver
malade;5;adj
là_bas;5;adv
lueur;5;nom
lentement;5;adv
lampe;5;nom
justifier;5;ver
justice;5;nom
ivrogne;5;nom
isthme;5;nom
issue;5;nom
invité;5;nom
inutilement;5;adv
inquiétant;5;adj
inférieur;5;adj
indispensable;5;adj
incessamment;5;adv
immense;5;adj
imaginera;5;nr
i;5;nom
hâter;5;ver
hune;5;nom
hospitalité;5;nom
herbe;5;nom
gravité;5;nom
gravir;5;ver
gratification;5;nom
grain;5;nom
goutte;5;nom
gauche;5;nom
fâcheux;5;adj
fréter;5;ver
fraîcheur;5;nom
fouler;5;ver
foule;5;nom
forster;5;nr
flibustier;5;nom
fertilité;5;nom
falkes;5;nr
fait;5;nom
exécution;5;nom
exécutif;5;adj
expérience;5;nom
expédition;5;nom
exciter;5;ver
exagération;5;nom
envahir;5;ver
entretien;5;nom
endormir;5;ver
emplir;5;ver
effrayer;5;ver
effort;5;nom
dévorer;5;ver
détruire;5;ver
dépit;5;nom
dépenser;5;ver
défiance;5;nom
déchaîner;5;ver
décharge;5;nom
droite;5;nom
dizaine;5;nom
distraire;5;ver
dissimuler;5;ver
discuter;5;ver
dimension;5;nom
différent;5;adj
difficulté;5;nom
dessiner;5;ver
crête;5;nom
criminel;5;nom
court;5;adj
couler;5;ver
corne;5;nom
copenhague;5;nr
contraindre;5;ver
consommation;5;nom
conseiller;5;ver
conscience;5;nom
confondre;5;ver
communicatif;5;adj
collision;5;nom
cime;5;nom
chasser;5;ver
chargement;5;nom
cause;5;nom
carénage;5;nom
cargaison;5;nom
capturer;5;ver
calmir;5;ver
calmer;5;ver
cacatois;5;nom
cabane;5;nom
bénéfice;5;nom
briller;5;ver
brick;5;nom
bossoir;5;nom
bonnette;5;nom
bonheur;5;nom
bob;5;nom
bleu;5;adj
beauté;5;nom
assister;5;ver
arrondissement;5;nom
arracher;5;ver
arborer;5;ver
appétit;5;nom
appel;5;nom
appartement;5;nom
apaiser;5;ver
antilienne;5;nr
angle;5;nom
altitude;5;nom
africain;5;adj
affaler;5;ver
administratif;5;adj
accrocher;5;ver
accident;5;nom
2ftexte;5;nr
étrave;4;nom
équilibre;4;nom
éprouvé;4;adj
épreuve;4;nom
épaule;4;nom
épargner;4;ver
électrique;4;adj
écume;4;nom
écrire;4;ver
éclairer;4;ver
échange;4;nom
écarter;4;ver
wisky;4;nr
warden;4;nr
vêtir;4;ver
vraisemblablement;4;adv
voisinage;4;nom
voiler;4;ver
vivier;4;nom
village;4;nom
vigueur;4;nom
vigie;4;nom
vierge;4;nom
vergall;4;nr
vanter;4;ver
usine;4;nom
tôt;4;adv
tumulte;4;nom
trigonocéphales;4;nr
trentaine;4;nom
trafic;4;nom
tort;4;nom
tonnage;4;nom
toise;4;nom
tiroir;4;nom
timonier;4;nom
tendance;4;nom
tabac;4;nom
sûreté;4;nom
sémaphore;4;nom
symptôme;4;nom
supposer;4;ver
stationnaire;4;adj
spécialement;4;adv
soustraire;4;ver
soulèvement;4;nom
sombrer;4;ver
solidement;4;adv
sixième;4;adj
sincère;4;adj
sensible;4;adj
semblable;4;adj
sanatorium;4;nom
salubre;4;adj
salon;4;nom
rêve;4;nom
résistance;4;nom
résider;4;ver
résidence;4;nom
réfléchir;4;ver
réception;4;nom
rude;4;adj
rouler;4;ver
rotterdam;4;nr
roseau;4;nom
roi;4;nom
richesse;4;nom
restreint;4;adj
repartir;4;ver
renseignement;4;nom
relief;4;nom
relayer;4;ver
relativement;4;adv
refermer;4;ver
redresser;4;ver
redevenir;4;ver
reculer;4;ver
reclus;4;adj
rassurant;4;adj
queue;4;nom
pôle;4;nom
pêcheur;4;nom
prévoyant;4;adj
prélart;4;nr
précision;4;nom
précis;4;adj
provenir;4;ver
proprement;4;adv
projeter;4;ver
procéder;4;ver
procurer;4;ver
porto;4;nom
politique;4;nom
politesse;4;nom
plonger;4;ver
planter;4;ver
plaine;4;nom
pitié;4;nom
pic;4;nom
physique;4;adj
persistant;4;adj
percer;4;ver
patron;4;nom
particulier;4;adj
paroi;4;nom
parer;4;ver
pantalon;4;nom
palmier;4;nom
osciller;4;ver
oriental;4;adj
ordonner;4;ver
opérer;4;ver
opulent;4;adj
opinion;4;nom
nickel;4;nom
neveu;4;nom
navigateur;4;nom
nation;4;nom
méthode;4;nom
munir;4;ver
mouillé;4;adj
montant;4;nom
monstre;4;nom
moeurs;4;nom
modérer;4;ver
minutieux;4;adj
micro;4;nom
mener;4;ver
maudit;4;adj
marier;4;ver
manchester;4;nr
légume;4;nom
lune;4;nom
longue_vue;4;nom
london;4;nr
limiter;4;ver
lier;4;ver
libérer;4;ver
lee;4;nr
largeur;4;nom
langage;4;nom
lac;4;nom
juge;4;nom
jpg;4;nr
jeu;4;nom
jemmapes;4;nr
jaune;4;adj
isolé;4;adj
islands;4;nr
irréprochable;4;adj
intelligent;4;adj
intelligence;4;nom
instruction;4;nom
installation;4;nom
inquiet;4;adj
ingens;4;nr
infortuné;4;adj
indice;4;nom
inconvénient;4;nom
incertain;4;adj
imprimer;4;ver
importé;4;adj
impatient;4;adj
immobiliser;4;ver
hésiter;4;ver
hypothèse;4;nom
horreur;4;nom
hommage;4;nom
hasarder;4;ver
hasard;4;nom
hardi;4;adj
habileté;4;nom
générosité;4;nom
guetter;4;ver
gréement;4;nom
gouvernement;4;nom
gotteborg;4;nr
gaz;4;nom
gagnant;4;nom
gabier;4;nom
franchement;4;adv
fourneau;4;nom
fouiller;4;ver
fonctionnaire;4;nom
flatter;4;ver
fier;4;adj
fidèle;4;adj
feuille;4;nom
faux;4;adj
faillir;4;ver
facilité;4;nom
extérieur;4;adj
extrêmement;4;adv
extraordinaire;4;adj
exister;4;ver
exercice;4;nom
excursionniste;4;nom
exception;4;nom
exactement;4;adv
exact;4;adj
ex;4;nr
essuyer;4;ver
escalier;4;nom
er;4;nr
entrevoir;4;ver
entrepôt;4;nom
enfermer;4;ver
endormi;4;adj
empire;4;nom
empailler;4;ver
embarras;4;nom
elisa;4;nr
effroyable;4;adj
effrayant;4;adj
edward;4;nr
dériver;4;ver
déplacer;4;ver
dépendre;4;ver
dénomination;4;nom
drisse;4;nom
douteux;4;adj
domestique;4;nom
doigt;4;nom
diviser;4;ver
distraction;4;nom
cérémonie;4;nom
célèbre;4;adj
céder;4;ver
cyclone;4;nom
cuirassé;4;nom
cuba;4;nr
cratère;4;nom
couronne;4;nom
courage;4;nom
cordial;4;nom
convive;4;nom
contact;4;nom
consulter;4;ver
construire;4;ver
constant;4;adj
considération;4;nom
conserve;4;nom
conquête;4;nom
congé;4;nom
confort;4;nom
confier;4;ver
comté;4;nom
comte;4;nom
composer;4;ver
compléter;4;ver
compagnie;4;nom
commercial;4;adj
commandement;4;nom
colline;4;nom
coiffer;4;ver
citron;4;nom
cirer;4;ver
cinquantaine;4;nom
châtiment;4;nom
châtelain;4;nom
chef_lieu;4;nom
chasse;4;nom
centrale;4;nom
capture;4;nom
capote;4;nom
canon;4;nom
café;4;nom
cacaoyers;4;nr
bâtir;4;ver
banquet;4;nom
bagage;4;nom
auberge;4;nom
atmosphère;4;nom
armer;4;ver
ardent;4;adj
apprécier;4;ver
anselme;4;nr
amphithéâtre;4;nom
allumer;4;ver
aimable;4;adj
agile;4;adj
aggraver;4;ver
affranchi;4;nom
activité;4;nom
accès;4;nom
abîme;4;nom
abattre;4;ver
abaisser;4;ver
évoluer;3;ver
éventer;3;ver
étonnement;3;nom
éternel;3;adj
éteint;3;adj
étang;3;nom
étage;3;nom
équinoxe;3;nom
équateur;3;nom
épouvante;3;nom
émettre;3;ver
émancipation;3;nom
élégant;3;adj
électeur;3;nom
égarer;3;ver
écriture;3;nom
écosser;3;ver
éclair;3;nom
écart;3;nom
ébranler;3;ver
çà;3;adv
zénith;3;nom
zèle;3;nom
yacht;3;nom
www;3;nr
véritablement;3;adv
vraisemblable;3;adj
volute;3;nom
voie;3;nom
voeu;3;nom
veuf;3;nom
va_et_vient;3;nom
utrecht;3;nr
utiliser;3;ver
ustensile;3;nom
unique;3;adj
uniforme;3;nom
type;3;nom
tugs;3;nr
trousse;3;nom
trou;3;nom
triple;3;adj
transmettre;3;ver
tranquillité;3;nom
trajet;3;nom
tonneau;3;nom
tome;3;nom
titre;3;nom
tendu;3;adj
tellement;3;adv
talent;3;nom
tableau;3;nom
série;3;nom
sécurité;3;nom
système;3;nom
surveillance;3;nom
surouets;3;nr
surgir;3;ver
supporter;3;ver
suggérer;3;ver
succomber;3;ver
stopper;3;ver
sport;3;nom
special;3;nr
souverain;3;nom
sourire;3;nom
souple;3;adj
soulever;3;ver
souffrance;3;nom
soucieux;3;adj
sonore;3;adj
solaire;3;adj
soigneusement;3;adv
siège;3;nom
singulier;3;adj
silhouette;3;nom
sieste;3;nom
serviable;3;adj
serra;3;nom
secret;3;nom
secours;3;nom
scène;3;nom
scientifique;3;adj
scandinave;3;nom
saurer;3;ver
satisfaisant;3;adj
san;3;nr
salé;3;adj
révéler;3;ver
résistant;3;adj
résigner;3;ver
réputation;3;nom
réintégrer;3;ver
référence;3;nom
rédiger;3;ver
récolte;3;nom
roue;3;nom
rose;3;adj
ronflement;3;nom
robuste;3;adj
rive;3;nom
rivage;3;nom
rico;3;nr
revolver;3;nom
revers;3;nom
restituer;3;ver
restant;3;nom
requin;3;nom
reprocher;3;ver
repasser;3;ver
remorque;3;nom
remise;3;nom
remarquablement;3;adv
religieux;3;adj
relier;3;ver
relater;3;ver
refaire;3;ver
rechange;3;nom
ravage;3;nom
ration;3;nom
rasseoir;3;ver
rade;3;nom
quotidien;3;adj
quor;3;nr
quo;3;nr
périlleux;3;adj
public;3;adj
prévision;3;nom
présider;3;ver
présidence;3;nom
présentation;3;nom
profit;3;nom
privé;3;adj
poster;3;ver
polaire;3;adj
plume;3;nom
pleurer;3;ver
plausible;3;adj
plateau;3;nom
plat;3;adj
plaire;3;ver
pirogue;3;nom
phare;3;nom
perturbation;3;nom
persister;3;ver
perdition;3;nom
peau;3;nom
patient;3;nom
partance;3;nom
parier;3;ver
parallèle;3;adj
panne;3;nom
ovide;3;nr
outil;3;nom
oser;3;ver
organiser;3;ver
opposé;3;adj
opportun;3;adj
oeuvre;3;nom
oeuf;3;nom
nourrir;3;ver
note;3;nom
northumberland;3;nr
noeud;3;nom
nausée;3;nom
naufrage;3;nom
naturaliste;3;nom
national;3;adj
naissance;3;nom
nager;3;ver
méthodique;3;adj
multiple;3;adj
mousse;3;nom
motif;3;nom
mine;3;nom
merveilleux;3;adj
merveille;3;nom
mentionner;3;ver
mediawiki;3;nr
marsouin;3;nom
marquer;3;ver
maniable;3;adj
malchance;3;nom
malaise;3;nom
majorité;3;nom
mai;3;nom
loustic;3;nom
loup;3;nom
longer;3;ver
loisir;3;nom
lit;3;nom
lisse;3;adj
lien;3;nom
lent;3;adj
lecture;3;nom
larme;3;nom
keazcg5xfwwi;3;nr
justement;3;adv
jeunesse;3;nom
javascript;3;nr
jaloux;3;adj
jalousie;3;nom
ivresse;3;nom
ivre;3;adj
ironiquement;3;adv
inébranlable;3;adj
intrépide;3;adj
intervention;3;nom
intermittent;3;adj
intendant;3;nom
inonder;3;ver
influence;3;nom
infiniment;3;adv
inefficace;3;adj
indication;3;nom
incohérent;3;adj
incapable;3;adj
impuissance;3;nom
impossibilité;3;nom
importation;3;nom
immédiat;3;adj
immensité;3;nom
iii;3;nr
ii;3;nr
ignorant;3;adj
identité;3;nom
héler;3;ver
hâte;3;nom
hurras;3;nr
horrible;3;adj
horloge;3;nom
honorer;3;ver
heurter;3;ver
hache;3;nom
habiller;3;ver
géographique;3;adj
guyanes;3;nr
gustavia;3;nr
guide;3;nom
gré;3;nom
grouper;3;ver
grimper;3;ver
great;3;nr
gratitude;3;nom
graduellement;3;adv
gouverner;3;ver
goulet;3;nom
gorgée;3;nom
gonfler;3;ver
gilet;3;nom
genre;3;nom
garde;3;nom
fête;3;nom
fureur;3;nom
fréquent;3;adj
fructueux;3;adj
front;3;nom
foyer;3;nom
foundation;3;nr
formuler;3;ver
formalité;3;nom
forfait;3;nom
fonctionner;3;ver
flèche;3;nom
flotte;3;nom
flottaison;3;nom
floride;3;nr
fièvre;3;nom
finalement;3;adv
fertile;3;adj
fbclid;3;nr
faveur;3;nom
faubourg;3;nom
farine;3;nom
faiblesse;3;nom
exprès;3;adj
expression;3;nom
explorer;3;ver
exercer;3;ver
exempt;3;adj
excuser;3;ver
examen;3;nom
exactitude;3;nom
espérance;3;nom
espars;3;nom
envier;3;ver
entêter;3;ver
entrevue;3;nom
entreprise;3;nom
enrouler;3;ver
engloutir;3;ver
enfléchures;3;nr
enchanté;3;adj
empresser;3;ver
empressement;3;nom
emploi;3;nom
emmener;3;ver
embouchure;3;nom
ego;3;nom
edit;3;nr
déverser;3;ver
détroit;3;nom
désespérer;3;ver
dérouler;3;ver
dérive;3;nom
déraper;3;ver
déplacement;3;nom
dépister;3;ver
démarche;3;nom
délicieux;3;adj
défoncer;3;ver
définitif;3;adj
défier;3;ver
déferler;3;ver
débuter;3;ver
débarquement;3;nom
déambuler;3;ver
drapeau;3;nom
douter;3;ver
doucement;3;adv
dormeur;3;nom
domingue;3;nr
distingué;3;adj
distinctement;3;adv
dignité;3;nom
différence;3;nom
dies;3;nr
diem;3;nom
deviner;3;ver
dessert;3;nom
dent;3;nom
cultiver;3;ver
créole;3;adj
coûter;3;ver
couverture;3;nom
course;3;nom
couronnement;3;nom
corde;3;nom
copieusement;3;adv
convulsion;3;nom
convenance;3;nom
convenablement;3;adv
convaincre;3;ver
contrebande;3;nom
contrarier;3;ver
construction;3;nom
conformément;3;adv
concevoir;3;ver
compas;3;nom
comparer;3;ver
commerçant;3;nom
colonne;3;nom
colonel;3;nom
codington;3;nr
climat;3;nom
clair;3;adj
citerne;3;nom
circulaire;3;adj
christiantoed;3;nr
cheveu;3;nom
charmant;3;adj
charlotte;3;nom
charles;3;nr
chantier;3;nom
cession;3;nom
cesse;3;nom
casser;3;ver
case;3;nom
carrière;3;nom
carpe;3;nom
carnet;3;nom
caravelle;3;nom
caractériser;3;ver
caféier;3;nom
cabotage;3;nom
cabaret;3;nom
bête;3;nom
bâton;3;nom
buée;3;nom
budget;3;nom
brûlant;3;adj
bruyant;3;adj
bruiner;3;ver
brown;3;nr
brouiller;3;ver
britain;3;nr
bravo;3;nom
braver;3;ver
braquer;3;ver
bouton;3;nom
bouteille;3;nom
bonites;3;nr
bond;3;nom
blé;3;nom
blessure;3;nom
bienfaiteur;3;nom
bibliothèque;3;nom
besogne;3;nom
bec;3;nom
bassin;3;nom
baromètre;3;nom
balle;3;nom
baleine;3;nom
bahama;3;nr
aîné;3;adj
aviser;3;ver
aventurier;3;nom
avantageux;3;adj
avant_hier;3;adv
australie;3;nr
aumônier;3;nom
attraper;3;ver
attabler;3;ver
assurance;3;nom
assistance;3;nom
assiette;3;nom
asie;3;nr
art;3;nom
arrondir;3;ver
arrestation;3;nom
approvisionner;3;ver
approbation;3;nom
apprentissage;3;nom
anxiété;3;nom
antille;3;nr
annuellement;3;adv
anguilla;3;nr
amurer;3;nr
amical;3;adj
amalia;3;nr
alimenter;3;ver
alcool;3;nom
agréablement;3;adv
agité;3;adj
affréter;3;ver
administrer;3;ver
administration;3;nom
acquisition;3;nom
accéder;3;ver
accompli;3;adj
accidenté;3;adj
accabler;3;ver
absolu;3;adj
aboutir;3;ver
abondance;3;nom
abandon;3;nom
ôter;2;ver
étinceler;2;ver
étape;2;nom
étanche;2;adj
éreinter;2;ver
épouvanté;2;adj
épouser;2;ver
épave;2;nom
épaissir;2;ver
énoncer;2;ver
émigration;2;nom
émerveiller;2;ver
élisée;2;nr
électricité;2;nom
égorger;2;ver
église;2;nom
égalité;2;nom
égaler;2;ver
économat;2;nom
écho;2;nom
ébène;2;nom
zélande;2;nr
yole;2;nom
yachtman;2;nom
xiv;2;nr
xiii;2;nr
xii;2;nr
xi;2;nr
vérifier;2;ver
voûte;2;nom
votis;2;nr
vol;2;nom
vivats;2;nom
vivant;2;adj
vivacité;2;nom
visage;2;nom
vincent;2;nr
vin;2;nom
viii;2;nr
vii;2;nr
vieillard;2;nom
vieil;2;adj
vi;2;nr
vexer;2;ver
vert;2;adj
version;2;nom
verser;2;ver
verne;2;nom
verger;2;nom
verdure;2;nom
venizolans;2;nr
venezuela;2;nr
vendre;2;ver
veine;2;nom
vauclin;2;nr
varié;2;adj
varier;2;ver
valide;2;adj
vaillant;2;adj
utilisation;2;nom
urville;2;nr
unième;2;adj
union;2;nom
téthys;2;nr
témoin;2;nom
trésor;2;nom
tremblotant;2;adj
traquer;2;ver
transport;2;nom
transe;2;nom
trahir;2;ver
traditionnel;2;adj
tracer;2;ver
tournant;2;nom
tourmenter;2;ver
torture;2;nom
torrentiel;2;adj
titus;2;nr
théâtre;2;nom
thérapeutique;2;adj
testamentaire;2;adj
territoire;2;nom
terrestre;2;adj
terrain;2;nom
tendrement;2;adv
tenancier;2;nom
taps;2;nr
talis;2;nr
taire;2;ver
tafia;2;nom
sévère;2;adj
sérieusement;2;adv
séparé;2;adj
sénateur;2;nom
séjourner;2;ver
syllabe;2;nom
survenir;2;ver
surveillant;2;nom
surexciter;2;ver
supériorité;2;nom
suprême;2;adj
suisse;2;adj
sueur;2;nom
succession;2;nom
stupéfaction;2;nom
stream;2;nr
stationner;2;ver
standard;2;adj
stace;2;nr
stabuli;2;nr
squale;2;nom
spasme;2;nom
spacieux;2;adj
souveraineté;2;nom
sous_marin;2;adj
source;2;nom
souplesse;2;nom
soupir;2;nom
soucier;2;ver
souci;2;nom
sortie;2;nom
sonner;2;ver
sommaire;2;adj
sombrero;2;nom
solicitor;2;nom
soie;2;nom
société;2;nom
site;2;nom
singe;2;nom
sincèrement;2;adv
simpson;2;nr
sillonner;2;ver
signification;2;nom
signature;2;nom
signare;2;nr
shilling;2;nom
shake;2;nr
sex;2;nr
semis;2;nom
sel;2;nom
scriptorium;2;nr
science;2;nom
savant;2;nom
satané;2;adj
salubrité;2;nom
salerne;2;nr
sagesse;2;nom
sachet;2;nom
rêver;2;ver
révolte;2;nom
réservoir;2;nom
répulsion;2;nom
république;2;nom
réparer;2;ver
régulièrement;2;adv
réfugié;2;nom
réel;2;adj
récréation;2;nom
récrimination;2;nom
réconforter;2;ver
récompenser;2;ver
récif;2;nom
réchauffer;2;ver
récemment;2;adv
râtelier;2;nom
ruelle;2;nom
rubrique;2;nom
roux;2;nom
rouvrir;2;ver
rousselan;2;nr
ronger;2;ver
rond;2;nom
rompre;2;ver
rivalité;2;nom
rival;2;nom
riposte;2;nom
rios;2;nr
rigueur;2;nom
rideau;2;nom
ride;2;nom
rez_de_chaussée;2;nom
revanche;2;nom
returntoquery;2;nr
returnto;2;nr
retentissant;2;adj
resplendissant;2;adj
repoussant;2;adj
renfermé;2;adj
rendez_vous;2;nom
remuer;2;ver
rembarquer;2;ver
rejeton;2;nom
registre;2;nom
refus;2;nom
redire;2;ver
recouvrer;2;ver
reconnaissant;2;adj
recommencer;2;ver
recette;2;nom
rebrousser;2;ver
ravitailler;2;ver
ravager;2;ver
rattacher;2;ver
raser;2;ver
rarement;2;adv
rapproché;2;adj
randomrootpage;2;nr
ramper;2;ver
rambarde;2;nom
ramasser;2;ver
rajuster;2;ver
raisonnable;2;adj
railway;2;nom
rafraîchir;2;ver
racine;2;nom
quos;2;nr
qualification;2;nom
pêcher;2;ver
péripétie;2;nom
pâturage;2;nom
pâlir;2;ver
pâle;2;adj
purement;2;adv
puissant;2;adj
prétention;2;nom
président;2;nom
présentement;2;adv
préoccupation;2;nom
préférence;2;nom
préférable;2;adj
précédemment;2;adv
préciser;2;ver
proximité;2;nom
propreté;2;nom
proportion;2;nom
promis;2;adj
promesse;2;nom
prolongé;2;adj
progrès;2;nom
progressif;2;adj
profitable;2;adj
procédé;2;nom
principe;2;nom
primé;2;adj
premi;2;nr
poussière;2;nom
poupe;2;nom
portrait;2;nom
portland;2;nom
portion;2;nom
portatif;2;adj
portail;2;nom
pomme;2;nom
pointer;2;ver
poignard;2;nom
poids;2;nom
plantureux;2;adj
plan;2;nom
plaisanterie;2;nom
plain;2;nom
plage;2;nom
piton;2;nom
pistolet;2;nom
piraterie;2;nom
piquer;2;ver
pincer;2;ver
pierre;2;nom
photographie;2;nom
pharmacie;2;nom
pente;2;nom
peindre;2;ver
passerelle;2;nom
passant;2;nom
paroisse;2;nom
parlement;2;nom
parfaire;2;ver
panache;2;nom
pan;2;nom
palan;2;nom
p;2;nr
ouvert;2;adj
oscillation;2;nom
originel;2;adj
orgueil;2;nom
orageux;2;adj
ophidien;2;nom
oldid;2;nr
office;2;nom
of;2;nr
octroyer;2;ver
obtention;2;nom
obstacle;2;nom
observateur;2;nom
oblique;2;adj
obligation;2;nom
objection;2;nom
numéro;2;nom
numérique;2;adj
novice;2;nom
normand;2;adj
nomenclature;2;nom
nocturne;2;adj
nièce;2;nom
nez;2;nom
méridien;2;nom
mélanger;2;ver
méditerrané;2;adj
mécène;2;nom
mystère;2;nom
mystification;2;nom
mur;2;nom
muet;2;adj
mr;2;nr
moule;2;nom
mouchoir;2;nom
mou;2;adj
morsure;2;nom
morgue;2;nom
mordre;2;ver
moral;2;adj
montserrat;2;nr
modeste;2;adj
moderne;2;adj
mobile;2;nom
mistress;2;nr
minutie;2;nom
menaçant;2;adj
matinal;2;adj
matelas;2;nom
mat;2;nom
marécage;2;nom
martial;2;adj
marque;2;nom
marguerite;2;nom
marais;2;nom
manifestation;2;nom
manche;2;nom
malédiction;2;nom
magellan;2;nr
magasin;2;nom
machine;2;nom
légèreté;2;nom
législatif;2;adj
lâcher;2;ver
là_dedans;2;adv
lourdement;2;adv
louer;2;ver
lord;2;nom
loi;2;nom
loger;2;ver
lof;2;nom
local;2;adj
livide;2;adj
littéraire;2;adj
lest;2;nom
lenteur;2;nom
latiniste;2;nom
largué;2;adj
lapillo;2;nr
lactea;2;nr
laborieux;2;adj
juron;2;nom
jules_verne;2;nr
jules;2;nom
jouet;2;nom
jauger;2;ver
jamaïque;2;nr
jacques;2;nom
jacob;2;nom
ix;2;nr
iv;2;nr
irruption;2;nom
ironique;2;adj
inépuisable;2;adj
inégal;2;adj
involontaire;2;adj
inviter;2;ver
invisible;2;adj
invasion;2;nom
intimer;2;ver
international;2;adj
intermittence;2;nom
interdire;2;ver
intelligemment;2;adv
insulaire;2;adj
insuffisant;2;adj
instrument;2;nom
instruit;2;adj
instance;2;nom
insensible;2;adj
inscrire;2;ver
inoubliable;2;adj
ingrédient;2;nom
infusoire;2;nom
inexpérimenté;2;adj
inexplicable;2;adj
industrie;2;nom
indiscret;2;adj
indifférent;2;adj
incomparable;2;adj
inclination;2;nom
incessant;2;adj
incendier;2;ver
incalculable;2;adj
inadmissible;2;adj
impôt;2;nom
imprudent;2;adj
impressionner;2;ver
imposant;2;adj
impatiemment;2;adv
imiter;2;ver
imbiber;2;ver
identique;2;adj
hésitation;2;nom
héritier;2;nom
héritage;2;nom
hâlé;2;adj
hydrographique;2;adj
hurlement;2;nom
huile;2;nom
hublot;2;nom
houille;2;nom
horn;2;nr
horizontale;2;nom
hoc;2;nr
hetzel;2;nr
haïti;2;nr
hautain;2;adj
hausse;2;nom
harpon;2;nom
harmonie;2;nom
harbour;2;nr
hampe;2;nom
gésir;2;ver
gérant;2;nom
géographie;2;nom
généralement;2;adv
génois;2;adj
gymnotes;2;nr
gulf;2;nr
guinée;2;nom
guider;2;ver
gueule;2;nom
grossir;2;ver
grossier;2;adj
grindah;2;nr
gratifier;2;ver
grandir;2;ver
grand_peine;2;adv
globe;2;nom
glace;2;nom
gibier;2;nom
gentleman;2;nom
gentil;2;adj
gemma;2;nr
garantir;2;ver
gant;2;nom
galant;2;adj
fût;2;nom
férocité;2;nom
féroce;2;adj
frêle;2;adj
froideur;2;nom
friction;2;nom
frederichstoed;2;nr
frayer;2;ver
françois;2;nr
franchise;2;nom
fourberie;2;nom
formel;2;adj
fléau;2;nom
florissant;2;adj
flanelle;2;nom
flag;2;nom
financier;2;adj
ferrure;2;nom
fermé;2;adj
favori;2;nom
fauve;2;nom
fauteuil;2;nom
facteur;2;nom
faconde;2;nom
exubérant;2;adj
extérieurement;2;adv
expérimenté;2;adj
exportation;2;nom
exploiter;2;ver
exploitation;2;nom
explicite;2;adj
excepté;2;adj
etc;2;adv
esturgeon;2;nom
estrade;2;nom
espagne;2;nr
esclavage;2;nom
escalade;2;nom
erat;2;nr
environnant;2;adj
entretenu;2;adj
entreprendre;2;ver
entremêlèrent;2;nr
enseignant;2;nom
enrichir;2;ver
enquête;2;nom
ennuyer;2;ver
enjamber;2;ver
enfiler;2;ver
endosser;2;ver
encrier;2;nom
encourager;2;ver
enclin;2;adj
enchanter;2;ver
emprunter;2;ver
emplanture;2;nom
empirer;2;ver
emphatique;2;adj
empaillé;2;adj
embarrassant;2;adj
embardée;2;nom
embarder;2;nr
effroi;2;nom
efficacité;2;nom
efficace;2;adj
effectueraient;2;nr
dévoué;2;adj
dévier;2;ver
développement;2;nom
détourner;2;ver
détour;2;nom
détonation;2;nom
détestable;2;adj
déterminer;2;ver
détenir;2;ver
détacher;2;ver
désobliger;2;ver
désobligeant;2;adj
désireux;2;adj
déshabiller;2;ver
désespoir;2;nom
désemparer;2;ver
désagréable;2;adj
déralingués;2;nr
député;2;nom
dépeindre;2;ver
départir;2;ver
démonté;2;adj
démarrer;2;ver
délire;2;nom
déhalé;2;nr
défricher;2;ver
déferlante;2;nom
défavorable;2;adj
défaire;2;ver
déduire;2;ver
dédain;2;nom
dédaigner;2;ver
décrire;2;ver
découvreur;2;nom
déclaration;2;nom
déclamer;2;ver
décevoir;2;ver
déception;2;nom
débris;2;nom
déboucher;2;ver
débattre;2;ver
durable;2;adj
dumont;2;nr
drôle;2;adj
dresser;2;ver
douleur;2;nom
douer;2;ver
doublage;2;nom
dos;2;nom
donnée;2;nom
donate;2;nr
diégo;2;nr
divorce;2;nom
divin;2;adj
diversité;2;nom
distribution;2;nom
distinct;2;adj
distant;2;adj
dissipé;2;adj
disparition;2;nom
discret;2;adj
discipline;2;nom
direct;2;adj
digérer;2;ver
différer;2;ver
diamant;2;nom
diablotin;2;nom
devancer;2;ver
deus;2;nr
desclieux;2;nr
denrée;2;nom
demi_douzaine;2;nom
demeure;2;nom
davis;2;nr
darder;2;ver
damner;2;ver
célébrer;2;ver
câbler;2;ver
custos;2;nr
cuivre;2;nom
cuir;2;nom
crépuscule;2;nom
créer;2;ver
cruel;2;adj
cruauté;2;nom
croissant;2;adj
creuser;2;ver
cravate;2;nom
cras;2;nr
coves;2;nr
couteau;2;nom
courbe;2;nom
couple;2;nom
coulant;2;adj
cotonniers;2;nr
coter;2;ver
costume;2;nom
correct;2;adj
cordage;2;nom
coralligène;2;nr
coquin;2;nom
cook;2;nr
convoitise;2;nom
convenable;2;adj
contredire;2;ver
contrecoup;2;nom
contre_courants;2;nr
contrariant;2;adj
continental;2;adj
contester;2;ver
contenance;2;nom
contempler;2;ver
consultant;2;nom
constituer;2;ver
consentement;2;nom
conquérant;2;nom
connecter;2;ver
condamner;2;ver
concert;2;nom
comptoir;2;nom
comptable;2;nom
compromis;2;nom
compromettraient;2;nr
comporter;2;ver
complètement;2;adv
complication;2;nom
comparaison;2;nom
comble;2;nom
combiné;2;adj
collodion;2;nom
clore;2;ver
clientèle;2;nom
clef;2;nom
claquer;2;ver
clameur;2;nom
clairière;2;nom
civil;2;nom
city;2;nom
cingler;2;ver
chronométrique;2;nr
choc;2;nom
chine;2;nom
cheval;2;nom
chenal;2;nom
cheminée;2;nom
chauffer;2;ver
chat;2;nom
charité;2;nom
charitable;2;adj
charbonnier;2;adj
chapitre_xv;2;nr
chagriné;2;adj
censitaires;2;nr
catégorie;2;nom
catastrophe;2;nom
cataclysme;2;nom
cat;2;nr
caserne;2;nom
carribee;2;nr
carlisle;2;nr
carguer;2;ver
caressant;2;adj
carabine;2;nom
canotage;2;nom
cannibalisme;2;nom
cancer;2;nom
camp;2;nom
calcutta;2;nr
calculer;2;ver
calcaire;2;nom
cage;2;nom
béret;2;nom
by;2;nom
brûler;2;ver
brésil;2;nom
brutal;2;adj
brusque;2;adj
brisé;2;adj
brillant;2;adj
break;2;nom
brassée;2;nom
boîte;2;nom
bottine;2;nom
botte;2;nom
botanique;2;adj
bordure;2;nom
bonté;2;nom
bonjour;2;nom
blottir;2;ver
blond;2;nom
bloc;2;nom
birkenhead;2;nr
bienvenu;2;nom
belfast;2;nr
bdv016;2;nr
bdv012;2;nr
base;2;nom
barrer;2;ver
barque;2;nom
barbe;2;nom
barbades;2;nr
balancement;2;nom
bailler;2;ver
aventureux;2;adj
avarie;2;nom
avance;2;nom
augmenter;2;ver
au_devant;2;adv
attribution;2;nom
attaquer;2;ver
atque;2;nr
assigner;2;ver
assaillir;2;ver
asphyxier;2;ver
asile;2;nom
artillerie;2;nom
arsenal;2;nom
arrondi;2;adj
arranger;2;ver
arpenter;2;ver
arpent;2;nom
armée;2;nom
arme;2;nom
armateur;2;nom
ardeur;2;nom
apte;2;adj
approuver;2;ver
appontements;2;nr
antiquité;2;nom
antipathie;2;nom
antarctique;2;adj
annuler;2;ver
annuel;2;adj
annexion;2;nom
animer;2;ver
animation;2;nom
animal;2;nom
anglo_saxon;2;adj
ancêtre;2;nom
amour_propre;2;nom
amorcer;2;ver
amoindrir;2;ver
allusion;2;nom
albion;2;nr
aise;2;nom
agréer;2;ver
agiter;2;ver
affranchissement;2;nom
affirmatif;2;adj
affichage;2;nom
affaiblir;2;ver
adopter;2;ver
admissible;2;adj
admirable;2;adj
administrateur;2;nom
ad;2;nr
accuser;2;ver
accusatif;2;nom
accumuler;2;ver
accoutumer;2;ver
accommoder;2;ver
acclimater;2;ver
accentuer;2;ver
abrité;2;adj
aborder;2;ver
abonder;2;ver
abondant;2;adj
abondamment;2;adv
abolition;2;nom
a8re_partie;2;nr
3diwar1ensbmzykg4jnndgsbc9dfhabpuv_khg4om_5yykj9rs;2;nr
événement;1;nom
évident;1;adj
évidence;1;nom
évaporation;1;nom
évanouir;1;ver
évaluer;1;ver
évadé;1;nom
évader;1;ver
étroitement;1;adv
étourdir;1;ver
étoffe;1;nom
étincelant;1;adj
étarqué;1;nr
étambot;1;nom
éruption;1;nom
équivaloir;1;ver
équitation;1;nom
équiper;1;ver
épée;1;nom
épurer;1;ver
épulatoire;1;nr
éprouverons;1;nr
éprouvant;1;adj
épontilles;1;nr
épice;1;nom
épars;1;adj
éole;1;nr
énumérer;1;ver
émouvoir;1;ver
éminemment;1;adv
émeute;1;nom
émerger;1;ver
élégance;1;nom
élysée;1;nom
élu;1;nom
éloquent;1;adj
élogieux;1;adj
éliminer;1;ver
électoral;1;adj
élastique;1;nom
élargir;1;ver
élancement;1;nom
élan;1;nom
éduquer;1;ver
édifier;1;ver
édification;1;nom
écumeraient;1;nr
écumer;1;ver
écueil;1;nom
écrouler;1;ver
écorcher;1;ver
économiser;1;ver
économique;1;adj
économie;1;nom
éclipser;1;ver
éclatant;1;adj
éclaircir;1;ver
échouage;1;nom
échiquier;1;nom
échauffer;1;ver
échantillon;1;nom
échafaudage;1;nom
écarté;1;adj
ébullition;1;nom
ébat;1;nom
zélé;1;adj
zébré;1;adj
york;1;nom
yes;1;nr
yacama;1;nr
ya;1;nom
xv;1;nr
wrangel;1;nr
windward;1;nr
wikimediafoundation;1;nr
wikidata;1;nr
whist;1;nom
west;1;nr
wergal;1;nr
walker;1;nr
vérification;1;nom
véridique;1;adj
vénézolane;1;nr
vulcain;1;nom
votant;1;nom
voracité;1;nom
vorace;1;adj
vomitum;1;nr
vomir;1;ver
volubilité;1;nom
voler;1;ver
volcanique;1;adj
volcan;1;nom
volaille;1;nom
vocation;1;nom
vitre;1;nom
vital;1;adj
vita;1;nr
vision;1;nom
visiblement;1;adv
violemment;1;adv
vingtième;1;adj
vingt_troisième;1;adj
vingt_huitième;1;adj
videraient;1;nr
victoire;1;nom
vice;1;nom
vexation;1;nom
verve;1;nom
vertu;1;nom
vernir;1;ver
vermillon;1;adj
veritas;1;nr
verdâtre;1;adj
verdir;1;ver
ventre;1;nom
venter;1;ver
venimeux;1;adj
venger;1;ver
velut;1;nr
vasco;1;nr
variété;1;nom
variation;1;nom
variante;1;nom
variable;1;adj
vareuse;1;nom
vantail;1;nom
vancouver;1;nr
vallée;1;nom
valladolid;1;nr
valet;1;nom
vale;1;nr
vaguement;1;adv
utm_source;1;nr
utm_medium;1;nr
utm_campaign;1;nr
utilité;1;nom
utile;1;adj
usuel;1;adj
user;1;ver
uselang;1;nr
urgent;1;adj
université;1;nom
universitaire;1;adj
univers;1;nom
uni;1;adj
ultime;1;adj
télémaques;1;nr
télégraphier;1;ver
télécharger;1;ver
tutelle;1;nom
tunique;1;nom
tumultueux;1;adj
tug;1;nr
tuerie;1;nom
trône;1;nom
trousseau;1;nom
trouer;1;ver
trot;1;nom
trophée;1;nom
tronc;1;nom
trompeur;1;adj
tristesse;1;nom
triste;1;adj
triplex;1;nom
tripler;1;ver
triompher;1;ver
triomphe;1;nom
triomphateur;1;nom
trio;1;nom
trinidad;1;nr
tricolore;1;adj
tribut;1;nom
triangulaire;1;adj
trembler;1;ver
trapu;1;adj
transversal;1;adj
transparent;1;adj
transitoire;1;adj
tranquillement;1;adv
trancher;1;ver
tranchant;1;adj
trait;1;nom
traduiriez;1;nr
traduction;1;nom
tradition;1;nom
town;1;nr
tournée;1;nom
tournage;1;nom
tourmentin;1;nom
tourmente;1;nom
tourisme;1;nom
touchant;1;adj
totalité;1;nom
tortuga;1;nr
tortigos;1;nr
torride;1;adj
torrent;1;nom
tornade;1;nom
tordre;1;ver
top;1;nom
tonnerre;1;nom
tolérance;1;nom
tolet;1;nom
toggle_view_mobile;1;nr
toggle_layout;1;nr
titulaire;1;nom
tirage;1;nom
tintinnabuler;1;ver
timbré;1;adj
théorique;1;adj
thématique;1;adj
thèse;1;nom
thon;1;nom
thio;1;nr
thermométrique;1;nr
thermal;1;adj
textes_entiers;1;nr
texteclose;1;nr
terrifiant;1;adj
terreur;1;nom
ternum;1;nr
terminal;1;nom
tempéré;1;adj
tempe;1;nom
teinture;1;nom
teinter;1;ver
teint;1;nom
tavernier;1;nom
tasse;1;nom
tasman;1;nr
tarir;1;ver
taquinerie;1;nom
taquet;1;nom
tapir;1;ver
tapage;1;nom
tangon;1;nom
tangante;1;nr
tang;1;nr
tamiser;1;ver
tambouriner;1;ver
talon;1;nom
taciturne;1;adj
tabler;1;ver
tabago;1;nr
sévèrement;1;adv
sérénité;1;nom
séparation;1;nom
séduire;1;ver
synonyme;1;adj
sydney;1;nr
suspension;1;nom
susdit;1;nom
susceptible;1;adj
surventer;1;nr
sursauter;1;ver
surprenant;1;adj
surouet;1;nr
surlendemain;1;nom
surexcitation;1;nom
surcroît;1;nom
supposable;1;adj
supplément;1;nom
supplique;1;nom
supplier;1;ver
superposé;1;adj
sulfureux;1;adj
suivi_des_liens;1;nr
sui;1;nom
suffisamment;1;adv
sucrerie;1;nom
substantiel;1;adj
sublunaire;1;adj
suave;1;adj
strate;1;nom
store;1;nom
stomacal;1;adj
stipuler;1;ver
steppe;1;nom
steamboat;1;nom
statue;1;nom
stanley;1;nr
stabilité;1;nom
spécialiste;1;nom
splendide;1;adj
spiritueux;1;nom
sperghstown;1;nr
speechs;1;nr
spectre;1;nom
spectacle;1;nom
soutier;1;nom
soute;1;nom
sournois;1;adj
souriant;1;adj
sourcil;1;nom
soupçonneux;1;adj
soumission;1;nom
soulagement;1;nom
soufrière;1;nr
soufre;1;nom
sonnerie;1;nom
somptueux;1;adj
somerset;1;nr
solstice;1;nom
sollicitude;1;nom
soixante_dixième;1;nom
soigner;1;ver
soi_disant;1;adj
smala;1;nom
sitôt;1;adv
sismique;1;adj
sir;1;nom
sinueux;1;adj
singulièrement;1;adv
significatif;1;adj
signalement;1;nom
sifflet;1;nom
sifflement;1;nom
sidebar;1;nr
sibérie;1;nr
show;1;nom
severn;1;nr
seuil;1;nom
serrement;1;nom
septième;1;adj
septem;1;nr
sentinelle;1;nom
senique;1;nr
semi_circulaire;1;adj
semer;1;ver
sein;1;nom
seigneurie;1;nom
secundum;1;nr
seconder;1;ver
secondaire;1;adj
secco;1;nom
search;1;nr
scyphias;1;nr
scrupuleux;1;adj
scrupuleusement;1;adv
screen;1;nr
scopulo;1;nr
scolarité;1;nom
scander;1;ver
scandale;1;nom
saxon;1;adj
saveur;1;nom
savane;1;nom
savana;1;nr
savamment;1;adv
sauvetage;1;nom
saturer;1;ver
sat;1;nr
sarbacane;1;nom
sanitaire;1;adj
sangler;1;ver
sandwiche;1;nom
sanctifier;1;ver
salve;1;nom
salomon;1;nr
salant;1;adj
salaison;1;nom
saint_esprit;1;nom
sain;1;adj
sagement;1;adv
sagace;1;adj
sacrifier;1;ver
sacrifice;1;nom
sacoche;1;nom
sablonneux;1;adj
saba;1;nr
rôtir;1;ver
rôder;1;ver
révérend;1;nom
révolter;1;ver
réverbération;1;nom
réussite;1;nom
réunion;1;nom
rétrocédées;1;nr
rétablir;1;ver
résonner;1;ver
résolu;1;adj
résident;1;nom
réquisitionner;1;ver
répartie;1;nom
réparation;1;nom
répandre;1;ver
réoccuper;1;ver
rémunérateur;1;adj
réjouir;1;ver
réitérer;1;ver
régnant;1;adj
régime;1;nom
régaler;1;ver
réfectoire;1;nom
réellement;1;adv
récupérer;1;ver
récompense;1;nom
récolter;1;ver
réciter;1;ver
récent;1;adj
règlement;1;nom
râler;1;ver
russie;1;nr
rupture;1;nom
rumeur;1;nom
ruisselant;1;adj
rugissement;1;nom
rudesse;1;nom
royal;1;adj
roy;1;nom
roulement;1;nom
roulant;1;adj
roulage;1;nom
roucou;1;nr
ross;1;nr
roquefort;1;nom
roque;1;nom
rompu;1;adj
rome;1;nr
romain;1;adj
rocking_chairs;1;nr
rocher;1;nom
roberto;1;nr
rob;1;nr
riz;1;nom
rixe;1;nom
riverain;1;nom
rivaliser;1;ver
risée;1;nom
rio;1;nr
rigoureusement;1;adv
ridicule;1;adj
rhumatisme;1;nom
rhumatisant;1;adj
revît;1;nr
revue;1;nom
revirement;1;nom
revendiquer;1;ver
revenant;1;nom
retrousser;1;ver
retraite;1;nom
retenue;1;nom
retentît;1;nr
retentissement;1;nom
restitution;1;nom
restaurèrent;1;nr
restauration;1;nom
ressort;1;nom
resserrer;1;ver
ressembler;1;ver
ressemblance;1;nom
respectueusement;1;adv
respectif;1;adj
respectable;1;adj
respectabilité;1;nom
respect;1;nom
requiem;1;nom
représentant;1;nom
représaille;1;nom
repousser;1;ver
reporter;1;nom
repassât;1;nr
reparler;1;ver
renvoyer;1;ver
renverser;1;ver
renversement;1;nom
renversant;1;adj
renseigner;1;ver
renommé;1;adj
renfort;1;nom
remémorer;1;ver
remédier;1;ver
remurmura;1;nr
remue_ménage;1;nom
rempli;1;adj
remous;1;nom
remorqueur;1;nom
remorqueront;1;nr
remorquer;1;ver
remorquage;1;nom
reminiscetur;1;nr
remercieraient;1;nr
religieusement;1;adv
relatif;1;adj
reine;1;nom
rehissa;1;nr
regrettable;1;adj
refrain;1;nom
refouler;1;ver
refléter;1;ver
refluer;1;ver
referer;1;nr
referens;1;nr
redonda;1;nr
redlink;1;nr
reculé;1;adj
rectifier;1;ver
recrue;1;nom
recouvrir;1;ver
recourber;1;ver
reconstruire;1;ver
reconstituèrent;1;nr
reconstituer;1;ver
reconquérir;1;ver
reconnaissable;1;adj
reconduira;1;nr
recherché;1;adj
rebondir;1;ver
raz;1;nom
rayonner;1;ver
ravitaillement;1;nom
rattraper;1;ver
rationner;1;ver
raseraient;1;nr
rapatrier;1;ver
rapatriement;1;nom
ralingue;1;nom
ralentir;1;ver
ralenti;1;nom
raisonner;1;ver
raide;1;adj
rage;1;nom
raccorder;1;ver
rabattre;1;ver
rabaisser;1;ver
r;1;adv
quête;1;nom
quus;1;nr
quotidiennement;1;adv
quintal;1;nom
quille;1;nom
quatre_mâts;1;nom
quartier_maître;1;nom
quarante_troisième;1;adj
quarante_deuxième;1;adj
quantité;1;nom
qualifié;1;adj
quales;1;nr
quadrupède;1;nom
quadrature;1;nom
pêché;1;adj
pétun;1;nr
pétulant;1;adj
périmètre;1;nom
péricliterait;1;nr
pélagalgie;1;nr
pédoncule;1;nom
purgation;1;nom
pupitre;1;nom
punition;1;nom
punir;1;ver
pulluler;1;ver
pulchra;1;nr
puits;1;nom
publiquement;1;adv
prêcher;1;ver
prévoyance;1;nom
prévention;1;nom
prétentieux;1;adj
prétendu;1;adj
présumable;1;nr
préserver;1;ver
préservatif;1;nom
présager;1;ver
préparatoire;1;adj
préparateur;1;nom
préoccupé;1;adj
prémunir;1;ver
prélever;1;ver
prélasser;1;ver
préféré;1;adj
précéder;1;ver
préciosité;1;nom
précautionneraient;1;nr
prudemment;1;adv
proéminent;1;adj
provisoire;1;adj
providentiel;1;adj
providence;1;nom
proverbe;1;nom
proue;1;nom
protester;1;ver
protestation;1;nom
protection;1;nom
prostration;1;nom
prospérer;1;ver
prospère;1;adj
prospectus;1;nom
propice;1;adj
promontoire;1;nom
promeneur;1;nom
prolongation;1;nom
prohibitifs;1;nr
progresser;1;ver
profusion;1;nom
professorat;1;nom
profession;1;nom
professer;1;ver
produit;1;nom
productif;1;adj
prodigue;1;adj
prodigieux;1;adj
prodigieusement;1;adv
prochainement;1;adv
prière;1;nom
privilège;1;nom
priver;1;ver
privacy_policy;1;nr
printable;1;nr
princier;1;adj
prince;1;nom
primitivement;1;adv
prime_saut;1;nom
prestement;1;adv
pression;1;nom
pressentir;1;ver
presqu_île;1;nom
premièrement;1;adv
pratiquer;1;ver
pr_popup;1;nr
poète;1;nom
powered;1;nr
pourri;1;adj
pourchasser;1;ver
pourboire;1;nom
poumon;1;nom
poule;1;nom
pouce;1;nom
potus;1;nr
potence;1;nom
potager;1;nom
potable;1;adj
posément;1;adv
postérité;1;nom
postal;1;adj
post_scriptum;1;nom
possibilité;1;nom
portée;1;nom
portugais;1;nom
portier;1;nom
porteur;1;nom
portentosa;1;nr
portefeuille;1;nom
porte_voix;1;nom
porphyritique;1;nr
populo;1;nom
populeux;1;adj
pontée;1;nr
ponton;1;nom
ponter;1;ver
ponctuel;1;adj
poncer;1;ver
pompeux;1;adj
pompe;1;nom
poil;1;nom
plénitude;1;nom
pluvieux;1;adj
pluvial;1;adj
plutonique;1;adj
plutoniennes;1;nr
plutonien;1;adj
pluriel;1;nom
pliant;1;adj
pli;1;nom
pleuvoir;1;ver
plat_bord;1;nom
plante;1;nom
plant;1;nom
planer;1;ver
plaisant;1;adj
plaisance;1;nom
plafond;1;nom
piété;1;nom
pivoter;1;ver
pittoresquement;1;nr
pittoresque;1;adj
piste;1;nom
pirouette;1;nom
pire;1;adj
pipe;1;nom
pinte;1;nom
pillard;1;nom
pillage;1;nom
pile;1;nom
pigro;1;nr
piger;1;ver
pigeon;1;nom
pieu;1;nom
picorer;1;ver
piastre;1;nom
phase;1;nom
pharynx;1;nom
peur;1;nom
petchili;1;nr
pester;1;ver
peser;1;ver
pesant;1;adj
perversité;1;nom
perte;1;nom
persévérant;1;adj
perspicacité;1;nom
personnellement;1;adv
personnalité;1;nom
persistance;1;nom
perquisitionner;1;ver
perquisition;1;nom
perpétuel;1;adj
perpétration;1;nom
perplexité;1;nom
permanent;1;adj
perler;1;ver
perfide;1;adj
perfection;1;nom
perennius;1;nr
perdidi;1;nr
pension;1;nom
pendule;1;nom
pendu;1;adj
penché;1;adj
pence;1;nom
pelé;1;adj
pelouse;1;nom
pede;1;nr
peau_rouge;1;nom
pdf;1;nr
payant;1;adj
patère;1;nom
patuit;1;nr
patrie;1;nom
paternel;1;adj
pater;1;nom
patate;1;nom
passionner;1;ver
parva;1;nr
partenaire;1;nom
parry;1;nr
parenté;1;nom
parenthèse;1;nom
parcours;1;nom
parc;1;nom
paratonnerre;1;nom
parapher;1;ver
paralysie;1;nom
parallèlement;1;adv
paragraphe;1;nom
par_mégarde;1;adv
paquet;1;nom
panorama;1;nom
panama;1;nom
pampa;1;nom
palmeraie;1;nom
paille;1;nom
pages_sp;1;nr
pages_li;1;nr
page_au_hasard;1;nr
ouvrage;1;nom
ouverture;1;nom
outre_mer;1;adv
ostentation;1;nom
osier;1;nom
orégon;1;nr
orée;1;nom
orphée;1;nom
originalité;1;nom
original;1;nom
orientation;1;nom
ordeilla;1;nr
orateur;1;nom
opus;1;nom
option;1;nom
opiner;1;ver
ophidienne;1;nr
ongle;1;nom
onduler;1;ver
ondulation;1;nom
omelette;1;nom
ombreux;1;adj
ombragé;1;adj
ombrage;1;nom
olim;1;nr
okhotsk;1;nr
oisif;1;adj
officiellement;1;adv
officiel;1;adj
océanique;1;adj
océanien;1;nr
océanie;1;nr
octroyez;1;nr
octo;1;nr
occupation;1;nom
occasionnerait;1;nr
occasionnaient;1;nr
obésité;1;nom
obséquiosité;1;nom
obstruer;1;ver
obstination;1;nom
obligeant;1;adj
obligeamment;1;adv
objecter;1;ver
négro;1;nom
négoce;1;nom
nécessiter;1;ver
nullus;1;nr
nulli;1;nr
nullement;1;adv
nuisible;1;adj
ns;1;nr
noyé;1;adj
novembre;1;nom
nouveauté;1;nom
notunda;1;nr
notion;1;nom
notet;1;nr
notanda;1;nr
notaire;1;nom
north;1;nr
nord_nord_est;1;nom
nominal;1;adj
noirâtre;1;adj
noblesse;1;nom
noble;1;adj
newitem;1;nr
newcastle;1;nr
new;1;adj
nevis;1;nr
neveux;1;nom
neutre;1;adj
nettoyer;1;ver
net;1;adj
ne_varietur;1;adv
naïf;1;adj
navrant;1;adj
naviguerait;1;nr
navigable;1;adj
naval;1;adj
nautique;1;adj
naufragé;1;nom
natif;1;nom
natation;1;nom
narrer;1;ver
narquois;1;adj
nansen;1;nr
naissant;1;adj
nage;1;nom
météore;1;nom
métropole;1;nom
méticuleux;1;adj
méthodiquement;1;adv
métaphore;1;nom
métallique;1;adj
méprirent;1;nr
méprendre;1;ver
mémorable;1;adj
mélisse;1;nom
mélasses;1;nr
mélancolie;1;nom
médiocrement;1;adv
médian;1;adj
médecin;1;nom
mécontentement;1;nom
méchanceté;1;nom
mâcher;1;ver
mythologique;1;adj
myope;1;adj
mylanguage;1;nr
mw;1;nr
musique;1;nom
musculo;1;nr
muraille;1;nom
munster;1;nom
munition;1;nom
munificence;1;nom
municipal;1;adj
multiplier;1;ver
mugissement;1;nom
mouvoir;1;ver
mouton;1;nom
mouler;1;ver
mouillerons;1;nr
mouette;1;nom
motiver;1;ver
morue;1;nom
mortellement;1;adv
mortel;1;adj
morale;1;nom
moquer;1;ver
montibus;1;nr
montagneux;1;adj
monstrum;1;nr
monroe;1;nr
monotonie;1;nom
monotone;1;adj
molhenters;1;nr
moisir;1;ver
moine;1;nom
moelleux;1;adj
modèle;1;nom
modifications_r;1;nr
modestement;1;adv
mobileaction;1;nr
mitoyen;1;adj
missive;1;nom
misery;1;nr
minutieusement;1;adv
miner;1;ver
millionnaire;1;adj
milford;1;nr
mi_octobre;1;nom
mi_juin;1;nom
mi_jambe;1;nom
mi_chemin;1;nom
meurtrier;1;nom
meta;1;nr
mes_discussions;1;nr
mes_contributions;1;nr
merluche;1;nom
membrure;1;nom
membraneux;1;adj
melbourne;1;nr
maturité;1;nom
mature;1;adj
matribus;1;nr
matière;1;nom
mater;1;ver
mateloter;1;nr
mastication;1;nom
massif;1;adj
masculin;1;adj
maréchal;1;nom
marécageux;1;adj
mary;1;nom
martiniquais;1;nom
mars;1;nom
marron;1;nom
marquis;1;nom
marmite;1;nom
marlborough;1;nr
maritimus;1;nr
maritimo;1;nr
marcheur;1;nom
marchandise;1;nom
marchander;1;ver
marbre;1;nom
maquette;1;nom
mantoue;1;nr
manoeuvrier;1;nom
manoeuvrerait;1;nr
manoeuvrables;1;nr
manipuler;1;ver
manioc;1;nom
manille;1;nom
manie;1;nom
mander;1;ver
malice;1;nom
maladroitement;1;adv
maladresse;1;nom
maladie;1;nom
majeur;1;adj
majesté;1;nom
maisonnée;1;nom
maisonnette;1;nom
mail_coach;1;nom
maigreur;1;nom
magno;1;nr
magnis;1;nr
magnifiquement;1;adv
magnificence;1;nom
magnanime;1;adj
magistrat;1;nom
magique;1;adj
macouba;1;nr
machiner;1;ver
machinalement;1;adv
machin;1;nom
légitimement;1;adv
lécher;1;ver
là_haut;1;adv
là_dessus;1;adv
lustrine;1;nom
lustrer;1;ver
lupus;1;nom
lucrèce;1;nr
lucem;1;nr
louche;1;adj
loquace;1;adj
longitude;1;nom
longa;1;nr
lomond;1;nr
loisible;1;adj
logis;1;nom
logiquement;1;adv
logement;1;nom
loge;1;nom
lofant;1;nr
lofait;1;nr
locution;1;nom
lobloly;1;nr
loango;1;nr
livraison;1;nom
livingstone;1;nr
liste;1;nom
liqueur;1;nom
linge;1;nom
limpidité;1;nom
lieward;1;nr
lierre;1;nom
licet;1;nr
licenses;1;nr
licence;1;nom
liberty;1;nr
libeller;1;ver
lester;1;ver
leste;1;adj
lenticulaire;1;nr
lellik;1;nr
leith;1;nr
leeward;1;nr
lecteur;1;nom
laurentin;1;nr
latet;1;nr
laps;1;nom
landlord;1;nom
lancastre;1;nr
lamentin;1;nr
lambeau;1;nom
ladite;1;adj
labourer;1;ver
kouriles;1;nr
kitts;1;nr
kirsch;1;nom
kinsale;1;nr
key;1;nr
katrine;1;nr
karata;1;nr
juveni;1;nr
juvat;1;nr
jussieu;1;nr
jusque_là;1;adv
jus;1;nom
jurisprudence;1;nom
jurer;1;ver
jupon;1;nom
jugement;1;nom
joyeusement;1;adv
joute;1;nom
joséphine;1;nr
joinville;1;nr
joint;1;nom
jauge;1;nom
jaillir;1;ver
iwar1ensbmzykg4jnndgsbc9dfhabpuv_khg4om_5yykj9rs;1;nr
ivrognerie;1;nom
iverne;1;nr
itur;1;nr
iterabinus;1;nr
iterabimus;1;nr
italie;1;nr
israélite;1;nom
isolément;1;adv
isoler;1;ver
isolement;1;nom
island;1;nr
isabelle;1;adj
irrésistible;1;adj
irréprochablement;1;adv
irrémédiablement;1;adv
irritation;1;nom
irriguer;1;ver
irrigations;1;nr
irrespectueux;1;adj
ironie;1;nom
irlandais;1;adj
invraisemblable;1;adj
invoquer;1;ver
inverse;1;nom
inventer;1;ver
invariable;1;adj
intraduisible;1;adj
intimement;1;adv
interruption;1;nom
interprétation;1;nom
interpeller;1;ver
interpellation;1;nom
intermédiairement;1;nr
interminable;1;adj
interdit;1;adj
intercepter;1;ver
intense;1;adj
intempestif;1;adj
intarissable;1;adj
insérer;1;ver
insuffisance;1;nom
instructif;1;adj
instinctif;1;adj
instable;1;adj
inspection;1;nom
insoutenable;1;adj
insolite;1;adj
insensibilité;1;nom
inouï;1;adj
inopinément;1;adv
inoffensif;1;adj
inoccupé;1;adj
innocence;1;nom
injustice;1;nom
injure;1;nom
injonction;1;nom
initiative;1;nom
inhospitalier;1;adj
inhalation;1;nom
inhabité;1;adj
inhabitués;1;nr
ingénieusement;1;adv
ingrat;1;nom
ingambe;1;adj
infériorité;1;nom
informe;1;adj
info;1;nom
influent;1;adj
infernal;1;adj
inexécutable;1;nr
inextricable;1;adj
inerte;1;adj
indépendant;1;adj
indépendance;1;nom
indélébile;1;adj
induites;1;nr
indo;1;adv
indigo;1;nom
indigne;1;adj
index_des_auteurs;1;nr
incrédulité;1;nom
incrédule;1;adj
incroyable;1;adj
incorrigible;1;adj
incontestable;1;adj
inconscience;1;nom
incomplet;1;adj
incomber;1;ver
incessu;1;nr
incertitude;1;nom
inattendu;1;adj
inarticulé;1;adj
inadvertance;1;nom
impétueux;1;adj
impérieux;1;adj
impératrice;1;nom
imputer;1;ver
impuissant;1;adj
imprévu;1;adj
imprégner;1;ver
improviser;1;ver
improbabilité;1;nom
imprimable;1;adj
implorer;1;ver
imperturbable;1;adj
impassible;1;adj
imbécile;1;nom
imaginaire;1;adj
illusion;1;nom
illuminât;1;nr
igname;1;nom
idiome;1;nom
identifier;1;ver
idem;1;adv
id;1;nr
ici_bas;1;adv
ichtyologiste;1;nom
hôtesse;1;nom
héros;1;nom
hébrides;1;nr
héberger;1;ver
hypocrite;1;nom
hygiénique;1;adj
hygiène;1;nom
hydraulique;1;adj
huée;1;nom
humidité;1;nom
humide;1;adj
humeur;1;nom
humbugs;1;nr
humanité;1;nom
huitième;1;nom
hudson;1;nr
huber;1;nr
how_to_contribute;1;nr
hostile;1;adj
hospitalier;1;adj
horriblement;1;adv
horresco;1;nr
horrendum;1;nr
horas;1;nr
hora;1;nr
hoquet;1;nom
honte;1;nom
honorable;1;adj
honnêteté;1;nom
homicide;1;nom
hoistingtown;1;nr
hocher;1;ver
hobetown;1;nr
hiver;1;nom
history;1;nr
historique;1;adj
historien;1;nom
hisserait;1;nr
hisseraient;1;nr
hispano_américaine;1;nr
hips;1;nr
hiloires;1;nr
hillaby;1;nr
hide_pagenumbers;1;nr
hic_et_nunc;1;adv
hexamètre;1;nr
heurt;1;nom
herber;1;ver
hectolitre;1;nom
hectare;1;nom
heat;1;nr
head;1;nr
havre;1;nom
haven;1;nr
hausser;1;ver
hastings;1;nr
harponneur;1;nom
hardiment;1;adv
hanter;1;ver
hans;1;nr
hands;1;nr
hand;1;nr
hanche;1;nom
hanc;1;nr
hameçon;1;nom
hallucination;1;nom
hall;1;nom
haleine;1;nom
habilement;1;adv
géorgiques;1;nr
géographe;1;nom
génitif;1;nr
gémir;1;ver
gymnastique;1;nom
guérir;1;ver
guéable;1;adj
gustav;1;nr
guitare;1;nom
guindeau;1;nom
guillaume;1;nom
gui;1;nom
gueuse;1;nom
guets_apens;1;nom
guadeloupiens;1;nr
grêle;1;nom
grèce;1;nr
grossissant;1;adj
grog;1;nom
grisonner;1;ver
griser;1;ver
gris;1;adj
grillager;1;ver
grenaille;1;nom
grenadine;1;nom
grenade;1;nom
grattoir;1;nom
gratter;1;ver
gras;1;adj
grammatique;1;nr
gracieux;1;adj
gracieusement;1;adv
gousset;1;nom
gourde;1;nom
goulot;1;nom
goudronné;1;adj
goudronner;1;ver
gottenborg;1;nr
gorge;1;nom
gonfleraient;1;nr
gomme;1;nom
godet;1;nom
gobelet;1;nom
glorieux;1;adj
gloire;1;nom
globule;1;nom
gité;1;nr
girouette;1;nom
gigantesque;1;adj
gestion;1;nom
georges;1;nr
gentilhomme;1;nom
genou;1;nom
gaélique;1;nom
gastrite;1;nom
gasconnades;1;nr
garnison;1;nom
garcette;1;nom
gama;1;nr
galon;1;nom
galle;1;nom
galibe;1;nr
galhaubans;1;nr
gaine;1;nom
gaieté;1;nom
gaiement;1;adv
gage;1;nom
gaffe;1;nom
gabion;1;nom
fêter;1;ver
féminin;1;adj
félicité;1;nom
fâcheusement;1;adv
fâcher;1;ver
fuyant;1;adj
fusionner;1;ver
fusion;1;nom
furieux;1;adj
fundraiserredirector;1;nr
fumerolle;1;nom
fumant;1;adj
fréquenté;1;adj
frwikisource;1;nr
frottement;1;nom
froncer;1;ver
froidement;1;adv
frisson;1;nom
frein;1;nom
fraîchissante;1;nr
fraternité;1;nom
fraternel;1;adj
frappé;1;adj
francisco;1;nr
fragment;1;nom
fracas;1;nom
fourrer;1;ver
fournaise;1;nom
fourchu;1;adj
fourche;1;nom
fougue;1;nom
foudre;1;nom
forum_des_nouveaux;1;nr
forum;1;nom
fortuné;1;adj
fortuna;1;nr
fortuit;1;adj
fortement;1;adv
forgeron;1;nom
forger;1;ver
for;1;nom
foot;1;nom
fontabelle;1;nr
fonds;1;nom
fondre;1;ver
fondation;1;nom
foisonner;1;ver
fluvial;1;adj
flottille;1;nom
fleuve;1;nom
fleuron;1;nom
fleur;1;nom
flegme;1;nom
flasque;1;adj
flacon;1;nom
flaccus;1;nr
fixe;1;adj
finesse;1;nom
finbook;1;nr
finance;1;nom
filtrer;1;ver
fillette;1;nom
fille;1;nom
filin;1;nom
fili;1;nr
fidélité;1;nom
ficher;1;ver
fiançailles;1;nom
feuilleter;1;ver
ferdinandina;1;nr
femelle;1;nom
feindre;1;ver
façade;1;nom
favorablement;1;adv
fausseté;1;nom
faufiler;1;ver
fatigant;1;adj
fatalité;1;nom
fasciner;1;ver
farthing;1;nr
fantastique;1;adj
fantaisiste;1;adj
fantaisie;1;nom
fanatiser;1;ver
famé;1;adj
familiariser;1;ver
familial;1;adj
faiblir;1;ver
faiblement;1;adv
faculté;1;nom
facture;1;nom
factotum;1;nom
facit;1;nr
faciliter;1;ver
facil;1;nr
fabriquer;1;ver
extraire;1;ver
exquis;1;adj
exporter;1;ver
explosion;1;nom
explicitement;1;adv
explicatif;1;adj
experto;1;nr
expectorations;1;nr
exigence;1;nom
exigeant;1;adj
exhaussement;1;nom
exhaler;1;ver
exemplaire;1;adj
exclusif;1;adj
exclamer;1;ver
excitation;1;nom
excipait;1;nr
excessif;1;adj
exceptionnellement;1;adv
eustache;1;nom
eurydice;1;nr
eucalyptus;1;nom
ethnologique;1;adj
estrées;1;nr
essentiel;1;nom
espadon;1;nom
esnambue;1;nr
escadrille;1;nom
escadre;1;nom
erroné;1;adj
erin;1;nr
equus;1;nr
envoler;1;ver
envoi;1;nom
envisager;1;ver
environner;1;ver
enverguer;1;nr
enveloppé;1;adj
envelopper;1;ver
envahisseur;1;nom
envahissement;1;nom
entêté;1;nom
entêtement;1;nom
entrouvrir;1;ver
entrevissent;1;nr
entreriez;1;nr
entremêler;1;ver
entremêla;1;nr
entrelacement;1;nom
entregent;1;nom
entrecoupé;1;adj
entre_tuerr;1;nr
entre_tuer;1;ver
entraînement;1;nom
entrain;1;nom
enthousiaste;1;adj
enthousiasme;1;nom
entente;1;nom
entaille;1;nom
enseigner;1;ver
enseignement;1;nom
enrichirent;1;nr
enrayer;1;ver
enrager;1;ver
enraciné;1;adj
enquérir;1;ver
enivrer;1;ver
engourdir;1;ver
engloutissement;1;nom
english;1;nr
engendrer;1;ver
engagement;1;nom
enfouir;1;ver
enfoncer;1;ver
enflammé;1;adj
enfance;1;nom
endurance;1;nom
encre;1;nom
encourir;1;ver
encombrant;1;adj
enclume;1;nom
enclos;1;nom
empêchement;1;nom
emprisonner;1;ver
empreinte;1;nom
empreindre;1;ver
empoignés;1;nr
empocher;1;ver
emphase;1;nom
empeser;1;ver
empailleur;1;nom
emmagasiner;1;ver
embrumer;1;ver
embouquer;1;ver
embarrassé;1;adj
embarrassera;1;nr
embarrasser;1;ver
emballer;1;ver
emballement;1;nom
electronpdf;1;nr
effusion;1;nom
effrontément;1;adv
efforcer;1;ver
effiler;1;ver
effectuèrent;1;nr
effacer;1;ver
edimbourg;1;nr
eau_de_vie;1;nom
eagle;1;nr
dévoreriez;1;nr
dévolu;1;adj
dévoiler;1;ver
dévisager;1;ver
développeurs;1;nr
développer;1;ver
détriment;1;nom
détonaient;1;nr
détirant;1;nr
détailler;1;ver
désuni;1;adj
désormais;1;adv
désorienté;1;adj
désordre;1;nom
désordonner;1;ver
désolé;1;adj
désolèrent;1;nr
désoler;1;ver
désirable;1;adj
désespéré;1;adj
désavouer;1;ver
désastreux;1;adj
désapprouver;1;ver
désagrément;1;nom
dérober;1;ver
déranger;1;ver
dérangement;1;nom
déprécier;1;ver
dépourvu;1;adj
dépouiller;1;ver
déposséder;1;ver
dépossession;1;nom
déplorer;1;ver
déplaire;1;ver
dépayser;1;ver
départissait;1;nr
départissaient;1;nr
départies;1;nr
département;1;nom
départaient;1;nr
dénoter;1;ver
dénoncer;1;ver
démordre;1;ver
démontrer;1;ver
démontable;1;adj
démonstratif;1;adj
démolir;1;ver
démanger;1;ver
délivrer;1;ver
délicat;1;adj
déjouer;1;ver
déhalera;1;nr
déguerpir;1;ver
dégrisera;1;nr
dégringoleriez;1;nr
dégringolat;1;nr
dégourdi;1;adj
dégelaient;1;nr
dégagement;1;nom
défrichement;1;nom
défoncèrent;1;nr
défiler;1;ver
défiants;1;nr
défensive;1;nom
défaillir;1;ver
défaillance;1;nom
dédoubler;1;ver
dédommager;1;ver
dédaigneux;1;nom
décrocher;1;ver
découplé;1;adj
découper;1;ver
décision;1;nom
décisif;1;adj
décidemment;1;nr
déchirure;1;nom
déchirer;1;ver
déchirement;1;nom
décerner;1;ver
décembre;1;nom
décamperons;1;nr
débraillé;1;adj
débouquer;1;nr
débouqua;1;nr
débordement;1;nom
débordant;1;adj
dutertre;1;nr
durement;1;adv
durcir;1;ver
dulces;1;nr
duc;1;nom
dublin;1;nr
drosser;1;ver
drogue;1;nom
dressé;1;adj
drainage;1;nom
download;1;nr
doublement;1;adv
dossier;1;nom
dormire;1;nr
dorer;1;ver
dorade;1;nom
don;1;nom
dompter;1;ver
domptant;1;nr
dominus;1;nr
dogmatiquement;1;nr
documenté;1;adj
document;1;nom
doctrine;1;nom
doctoral;1;adj
dock;1;nom
docile;1;adj
djvuverne;1;nr
dixième;1;adj
dix_septième;1;adj
divorcer;1;ver
diurne;1;adj
distorsion;1;nom
distique;1;nr
distinction;1;nom
dissocier;1;ver
dissiperaient;1;nr
dissimulation;1;nom
dispute;1;nom
dispos;1;adj
disponible;1;adj
disperser;1;ver
dispenser;1;ver
disjoindre;1;ver
disette;1;nom
discours;1;nom
disciple;1;nom
diminution;1;nom
dimanche;1;nom
dilatation;1;nom
dieppe;1;nr
dicton;1;nom
dictionnaire;1;nom
dictatoriat;1;nr
dickens;1;nr
deum;1;nr
detestata;1;nr
destruction;1;nom
desservir;1;ver
dessein;1;nom
dessaisir;1;ver
dernièrement;1;adv
denier;1;nom
demi_quart;1;nom
demi_kilomètre;1;nom
demi_journée;1;nom
demeuré;1;nom
deed;1;nr
dead;1;nr
dea;1;nr
de_visu;1;adv
de_auditu;1;adv
david;1;nr
dauphin;1;nom
danse;1;nom
dampier;1;nr
damné;1;nom
d_aborder;1;nr
cétacé;1;nom
cérémonieusement;1;adv
cérémonial;1;nom
célibataire;1;adj
céleste;1;adj
cèdre;1;nom
câblogrammes;1;nr
câblogramme;1;nom
cygne;1;nom
curucuera;1;nr
curiosité;1;nom
curaçao;1;nom
curatif;1;adj
cupide;1;adj
cunard;1;nr
cultivé;1;adj
culte;1;nom
culminant;1;adj
culinaire;1;adj
culbute;1;nom
cuillerée;1;nom
cui;1;nr
cueillir;1;ver
cube;1;nom
croyable;1;adj
cromwell;1;nr
croisé;1;adj
croisure;1;nr
croissance;1;nom
crocket;1;nr
croc;1;nom
critique;1;nom
crique;1;nom
cricket;1;nom
creta;1;nr
cressa;1;nr
crela;1;nr
crede;1;nr
creativecommons;1;nr
creative;1;nr
crayon;1;nom
craquer;1;ver
craie;1;nom
cr;1;nr
coïncider;1;ver
covell;1;nr
couture;1;nom
coutumier;1;adj
coussin;1;nom
coursive;1;nom
courroucer;1;ver
couronner;1;ver
courageux;1;adj
couloir;1;nom
coudoyer;1;ver
coude;1;nom
couche;1;nom
coteau;1;nom
cote;1;nom
corvée;1;nom
cortège;1;nom
corruption;1;nom
corroch;1;nr
correspondant;1;nom
correspondance;1;nom
corrakilly;1;nr
corpulent;1;adj
corps_mort;1;nom
coronat;1;nr
cordon;1;nom
cordialement;1;adv
coram;1;nr
coralligènes;1;nr
coquille;1;nom
coquetterie;1;nom
coq;1;nom
cooper;1;nr
cookie_statement;1;nr
cookie;1;nom
convulsé;1;adj
conviction;1;nom
contribution;1;nom
contribuer;1;ver
contre_lames;1;nr
contre_amiral;1;nom
contre_alizé;1;nom
contrat;1;nom
contraster;1;ver
contrariété;1;nom
contrarié;1;adj
contrairement;1;adv
contrainte;1;nom
contraignirent;1;nr
contraction;1;nom
contracter;1;ver
contour;1;nom
continu;1;adj
contenu;1;nom
contentât;1;nr
contentement;1;nom
contemplerais;1;nr
contacter;1;ver
consteller;1;ver
constatation;1;nom
consolation;1;nom
consigner;1;ver
considit;1;nr
consciencieux;1;adj
consciencieusement;1;adv
connexion;1;nom
congratulation;1;nom
conférer;1;ver
confus;1;adj
conformation;1;nom
confidentialité;1;nom
confectionner;1;ver
conditions_d;1;nr
condenser;1;ver
condamnation;1;nom
concurrent;1;nom
concorder;1;ver
concluraient;1;nr
concluant;1;adj
concierge;1;nom
concessionnaire;1;nom
conception;1;nom
concedimus;1;nr
compétition;1;nom
compétent;1;adj
composition;1;nom
compos;1;nr
componere;1;nr
compliqué;1;adj
complimenter;1;ver
complicité;1;nom
complaisant;1;adj
communauté;1;nom
communal;1;adj
commons;1;nr
commode;1;adj
commission;1;nom
commencement;1;nom
comestible;1;adj
combler;1;ver
combiner;1;ver
combinaison;1;nom
combattre;1;ver
combat;1;nom
colonisation;1;nom
colombogrammes;1;nr
colombie;1;nr
collaborateur;1;nom
colis;1;nom
cocher;1;nom
co;1;adv
clément;1;adj
clown;1;nom
cloche;1;nom
clipper;1;nom
clin;1;nom
client;1;nom
clergyman;1;nom
classement;1;nom
clarté;1;nom
clapoter;1;ver
claire_voie;1;nom
citoyen;1;nom
citateur;1;nr
citadelle;1;nom
ciseau;1;nom
ciré;1;adj
cirque;1;nom
circuler;1;ver
circonférence;1;nom
cinglant;1;adj
cicérone;1;nom
cicéron;1;nr
cicerone;1;nr
cibus;1;nr
châtier;1;ver
chute;1;nom
chimiquement;1;adv
chien;1;nom
cheviller;1;ver
chevelure;1;nom
chemise;1;nom
chelem;1;nom
chazeau;1;nr
chateaubriand;1;nom
chasseur;1;nom
charmé;1;adj
charmer;1;ver
charme;1;nom
chapelet;1;nom
chanter;1;ver
chanson;1;nom
chandelle;1;nom
champagne;1;nom
chameau;1;nom
chaise;1;nom
chair;1;nom
chagriner;1;ver
chagrin;1;nom
ceylan;1;nr
cerveau;1;nom
certitude;1;nom
cercle;1;nom
centime;1;nom
cendre;1;nom
cavité;1;nom
cave;1;nom
causeur;1;nom
causerie;1;nom
catégorique;1;adj
cattégat;1;nr
casanier;1;adj
carène;1;nom
carton;1;nom
cartier;1;nr
carrure;1;nom
carrossable;1;adj
carnier;1;nom
carnavalesque;1;adj
carliste;1;adj
cargué;1;nr
cargues;1;nr
cargo;1;nom
caresser;1;ver
careat;1;nr
cardiff;1;nr
cardan;1;nom
carbet;1;nr
carafe;1;nom
caractérisaient;1;nr
capricieux;1;adj
caprice;1;nom
capituler;1;ver
canton;1;nom
cannibale;1;nom
canada;1;nom
campagnard;1;adj
camaraderie;1;nom
calédonie;1;nr
calligraphique;1;adj
californie;1;nom
cadeau;1;nom
cabriole;1;nom
cabalistique;1;adj
c13_fr;1;nr
bénéficier;1;ver
bénir;1;ver
buvard;1;nom
burs;1;nr
buck;1;nr
brute;1;nom
brusquerie;1;nom
brusquement;1;adv
brumeux;1;adj
brumailles;1;nr
broyer;1;ver
brouhaha;1;nom
brothers;1;nr
brosse;1;nom
bronze;1;nom
bronche;1;nom
brochant;1;adj
brièvement;1;adv
britannisés;1;nr
britannisé;1;nr
brisant;1;nom
brin;1;nom
brigandage;1;nom
brevis;1;nr
brasser;1;ver
brasse;1;nom
brassage;1;nom
brassa;1;nr
branler;1;ver
brandebourg;1;nr
branchâ;1;nr
brancham;1;nr
boxe;1;nom
bouée;1;nom
boutonner;1;ver
bousculer;1;ver
bourrer;1;ver
bourrasque;1;nom
bourrade;1;nom
bourgade;1;nom
bouquet;1;nom
bouillit;1;nr
bouille;1;nom
bouger;1;ver
bouchée;1;nom
boucherie;1;nom
boston;1;nom
bosser;1;ver
borné;1;adj
bookcmd;1;nr
bookbourses;1;nr
book_creator;1;nr
bonsoir;1;nom
bonnet;1;nom
bonhomme;1;nom
bombay;1;nr
bombarder;1;ver
boisé;1;adj
boisson;1;nom
boats;1;nr
blocus;1;nom
blessé;1;nom
blesser;1;ver
blarney;1;nr
blanquilla;1;nr
blanchâtre;1;adj
blanchir;1;ver
blancheur;1;nom
blaguer;1;ver
bière;1;nom
billet;1;nom
bienveillant;1;adj
bienveillance;1;nom
bien_être;1;nom
bicyclisme;1;nr
bestiau;1;nom
bertrand;1;nr
bertha;1;nom
bermude;1;nr
berger;1;nom
belliqueux;1;adj
bella;1;nr
beau_père;1;nom
beau_frère;1;nom
bayon;1;nr
bay;1;nr
bavarder;1;ver
bavardage;1;nom
baudin;1;nr
baudet;1;nom
battement;1;nom
bateau;1;nom
bassina;1;nr
basse_cour;1;nom
bas_fond;1;nom
barytonant;1;nr
barnes;1;nr
barbuda;1;nr
barboude;1;nr
barbadeuse;1;nr
baptême;1;nom
baptiser;1;ver
balnéaire;1;adj
ballon;1;nom
ball;1;nr
baleinier;1;nom
balbutier;1;ver
balata;1;nr
baiser;1;nom
baigner;1;ver
bagarre;1;nom
axiome;1;nom
avril;1;nom
avidité;1;nom
avide;1;adj
aveugle;1;adj
avertissements_g;1;nr
avertissement;1;nom
avertir;1;ver
avenant;1;adj
avas;1;nr
avantageusement;1;adv
avant_dernier;1;adj
aval;1;nom
auxiliaire;1;nom
autriche;1;nr
autoriser;1;ver
autonomie;1;nom
automatique;1;adj
authentique;1;adj
auspice;1;nom
auprès_de;1;nr
augure;1;nom
auditoire;1;nom
audentes;1;nr
au_dessous;1;adv
atténuer;1;ver
atterrer;1;ver
attentivement;1;adv
attentionné;1;adj
attente;1;nom
attendrissement;1;nom
attelage;1;nom
attarder;1;ver
attaque;1;nom
atlas;1;nom
astreindre;1;ver
astre;1;nom
astra;1;nr
asséner;1;ver
assujettir;1;ver
assujetti;1;adj
associer;1;ver
assise;1;nom
assemblée;1;nom
assassiner;1;ver
assassinat;1;nom
assassin;1;nom
aspiration;1;nom
asphyxie;1;nom
asiatique;1;nom
asabot;1;nr
artifice;1;nom
articulation;1;nom
article;1;nom
arroser;1;ver
arrière_plan;1;nom
arrantiacées;1;nr
aronaque;1;nr
armoire;1;nom
armement;1;nom
argumentation;1;nom
argument;1;nom
argos;1;nr
arcadie;1;nr
arcadia;1;nr
arcade;1;nom
arc;1;nom
ara;1;nom
après_des;1;nr
après_de;1;nr
appui;1;nom
apprêter;1;ver
appréhender;1;ver
approprier;1;ver
apprivoiser;1;ver
apport;1;nom
applaudissement;1;nom
apparition;1;nom
aphorisme;1;nom
apaisement;1;nom
anéantir;1;ver
anxieux;1;adj
anugis;1;nr
antérieur;1;adj
antipélagalgiques;1;nr
antiliennes;1;nr
antilien;1;nr
anthropophage;1;adj
antan;1;nom
anormal;1;adj
anniversaire;1;nom
annexe;1;adj
anne;1;nr
animé;1;adj
anguille;1;nom
anglo_saxonnes;1;nr
anglo_saxonne;1;nr
anglo;1;nr
ange;1;nom
anfractuosité;1;nom
and;1;nr
amériques;1;nr
aménager;1;ver
amélioration;1;nom
amusant;1;adj
amurées;1;nr
amurez;1;nr
amplement;1;adv
ample;1;adj
amphitryon;1;nom
amphithéâtral;1;nr
amirauté;1;nom
amiens;1;nr
ambulant;1;adj
ambo;1;nr
ambition;1;nom
ambitieux;1;adj
amateur;1;nom
amarreraient;1;nr
amaigrir;1;ver
aléa;1;nom
altérer;1;ver
alternativement;1;adv
alternatif;1;adj
aloès;1;nom
alousie;1;nr
allemand;1;nom
allemagne;1;nom
alimentaire;1;adj
aliment;1;nom
album;1;nom
albo;1;nr
albionesque;1;nr
alarmer;1;ver
alarme;1;nom
alarmant;1;adj
ajuster;1;ver
aisé;1;adj
aisance;1;nom
aiguille;1;nom
aigu;1;adj
aide_au_lecteur;1;nr
aguerri;1;adj
agrément;1;nom
agrès;1;nom
agriculture;1;nom
agression;1;nom
agrandissement;1;nom
agence;1;nom
africa;1;nr
affronter;1;ver
affourcher;1;nr
affourcha;1;nr
affleurer;1;ver
affiner;1;ver
affectueux;1;adj
affection;1;nom
affamé;1;adj
affamer;1;ver
affalerait;1;nr
adroitement;1;adv
adroit;1;adj
adoucir;1;ver
adonnèrent;1;nr
adonner;1;ver
admirablement;1;adv
administrativement;1;adv
adjoindre;1;ver
addition;1;nom
actif;1;adj
acquitter;1;ver
acquit;1;nom
acquiescer;1;ver
acquiescement;1;nom
acier;1;nom
achevé;1;adj
acheter;1;ver
achalander;1;ver
accueil_de_la_communaut;1;nr
accréditer;1;ver
accru;1;adj
accoutrement;1;nom
accourir;1;ver
accosterait;1;nr
accomplissement;1;nom
acclamer;1;ver
accessible;1;adj
acceptable;1;adj
accalmie;1;nom
accablant;1;adj
académie;1;nom
abîmer;1;ver
abuser;1;ver
abstinence;1;nom
absorbant;1;adj
absenter;1;ver
absent;1;adj
abominablement;1;adv
abercrombie;1;nr
abattée;1;nr
a9raux;1;nr
a9n;1;nr
a9gories;1;nr
a9gorie;1;nr
a9es;1;nr
a9er_un_compte;1;nr
a9ciales;1;nr
a9centes;1;nr
a9;1;nr
80_propos_de;1;nr
2ftexte_entier;1;nr
1904parisvtome;1;nr
0céan;1;nr