de;4437;pre
être;2803;aux
la;2680;art_def
à;2672;pre
l;2493;art_def
le;2394;art_def
et;2340;con
les;1946;art_def
il;1838;pro_per
avoir;1787;aux
ne;1750;adv_sup
d;1328;pre
en;1304;pre
que;1279;pro_rel
un;966;art_ind
du;949;art_def
des;923;art_ind
se;915;pro_per
qui;849;pro_rel
pas;835;adv_sup
ce;822;pro_dem
une;821;art_ind
s;805;pro_per
dans;688;pre
au;686;art_def
qu;685;con
wikisource;670;nr
org;668;nr
https;667;nr
fr;661;nr
wiki;646;nr
page;620;nom
djvu;609;nr
_bourses_de_voyage;608;nr
3averne_;597;nr
2c_hetzel;597;nr
2c_1904;597;nr
faire;520;ver_sup
plus;516;adv_sup
pour;507;pre
ils;498;pro_per
alert;474;nr
m;469;pro_per
sur;468;pre
cette;466;adj_dem
son;432;adj_pos
on;430;pro_per
harry;427;nr
par;424;pre
patterson;423;nr
ses;422;adj_pos
markel;420;nr
si;392;con
pouvoir;351;ver_sup
c;343;pro_dem
ces;337;adj_dem
avec;316;pre
y;306;pro_per
2c_tome_1;306;nr
sa;301;adj_pos
2c_tome_2;291;nr
lui;287;pro_per
dire;276;ver_sup
devoir;264;ver_sup
bien;260;nom_sup
leur;258;pro_per
nous;257;pro_per
sans;254;pre
après;254;pre
aux;247;art_def
île;243;nom
vous;242;pro_per
mais;242;con
tout;237;pro_ind
même;237;pro_ind
heure;229;nom
capitaine;228;nom
will;226;nr
mitz;222;nr
je;222;pro_per
point;218;nom_sup
mer;218;nom
aller;218;ver
navire;217;nom
prendre;216;ver
jeune;212;adj
saint;208;adj
deux;207;adj_num
elle;205;pro_per
bord;203;nom
ou;202;con
répondre;198;ver
dont;198;pro_rel
comme;194;con
venir;193;ver
john;192;nr
grand;190;adj
tony;182;nr
où;180;pro_rel
ni;176;con
renault;173;nr
passager;173;nom
voir;170;ver
avant;166;pre
louis;163;nom
jour;163;nom
quelques;161;adj_ind
mrs;159;nr
aussi;159;adv_sup
mille;158;nom_sup
clodion;154;nr
alors;153;adv_sup
vers;151;pre
homme;148;nom
moins;147;adv_sup
puis;144;con
là;144;ono
mettre;142;ver
équipage;140;nom
rester;140;ver
falloir;140;ver_sup
antilles;140;nr
leurs;137;adj_pos
vent;134;nom
paxton;134;nr
bon;133;adj_sup
corty;129;nr
très;128;adv_sup
temps;128;nom
sous;128;pre
savoir;126;ver_sup
non;125;pro_per
voyage;124;nom
tous;122;pro_ind
entre;122;pre
premier;121;adj
peu;119;nom_sup
monsieur;117;nom_sup
port;116;nom
carpenter;116;nr
autres;115;pro_ind
terre;114;nom
encore;114;adv_sup
donc;113;con
demander;113;ver
autre;113;pro_ind
pendant;110;pre
vouloir;108;ver_sup
canot;107;nom
rien;104;pro_ind
lorsque;104;con
quelque;103;adj_ind
nuit;103;nom
briser;103;ver
antilian;103;nr
seymour;102;nr
compagnon;102;nom
cela;102;pro_dem
kethlen;101;nr
dès;101;pre
cet;101;adj_dem
donner;100;ver
trois;99;adj_num
peut_être;99;adv_sup
school;97;nr
trouver;96;ver
tenir;96;ver
attendre;96;ver
toute;94;adj_ind
main;94;nom
hinsdale;92;nr
bâtiment;92;nom
horatio;91;nr
camarade;91;nom
anglais;91;adj
doute;90;nom
ailleurs;90;adv_sup
dernier;89;adj
roger;88;nr
passer;88;ver
laisser;87;ver
connaître;85;ver
matelot;84;nom
fois;84;nom
barbade;82;nr
ainsi;81;adv_sup
revenir;80;ver
embarcation;80;nom
cinq;80;adj_num
quitter;78;ver
lever;78;ver
français;78;adj
reprendre;77;ver
eux;77;pro_per
arriver;76;ver
toujours;75;adv_sup
magnus;74;nr
croire;74;ver_sup
t;73;pro_per
moment;73;nom
maître;73;nom
garçon;73;nom
anders;73;nr
rendre;72;ver
queenstown;72;nr
perkins;72;nr
ajouter;72;ver
petit;71;adj
large;71;adj
entendre;70;ver
dunette;70;nom
voile;69;nom
effet;69;nom
comprendre;69;ver
ville;68;nom
observer;68;ver
cependant;68;con
cabine;68;nom
déjà;67;ono
jamais;66;adv_sup
trop;65;adv_sup
paraître;65;ver
lorsqu;65;con
traversée;64;nom
pont;64;nom
long;64;adj
eau;64;nom
depuis;64;pre
baie;64;nom
mentor;63;nom
lieu;63;nom
cent;63;adj_num
condition;62;nom
toutes;61;pro_ind
seul;61;adj
quatre;61;adj_num
oui;61;adv_sup
déclarer;61;ver
contre;61;pre
route;60;nom
quant;60;nom_sup
nom;60;nom
vrai;59;adj
montrer;59;ver
harboe;59;nr
assez;59;adv_sup
travers;57;nom
peine;57;nom
milieu;57;nom
famille;57;nom
aucun;57;adj_ind
partir;56;ver
marin;56;nom
lauréat;56;nom
j;56;pro_per
howard;56;nr
apercevoir;56;ver
écrier;55;ver
échapper;55;ver
pied;55;nom
hubert;55;nr
martinique;54;nr
coup;54;nom
bas;54;adj
aucune;54;adj_ind
an;54;nom_sup
visiter;52;ver
suivre;52;ver
sortir;52;ver
six;52;adj_num
question;52;nom
direction;52;nom
carré;52;adj
assurer;52;ver
anse;52;nom
enfin;51;adv_sup
possible;50;adj
pointe;50;nom
nouveau;50;adj
france;50;nr
départ;50;nom
cents;50;adj_num
trois_mâts;49;nom
recevoir;49;ver
plusieurs;49;adj_ind
personne;49;pro_ind
perdre;49;ver
mon;49;adj_pos
courir;49;ver
soir;48;nom
arrière;48;ono
état;47;nom
raison;47;nom
parler;47;ver
ouest;47;nom
occuper;47;ver
mieux;47;adv_sup
lendemain;47;nom_sup
cork;47;nr
année;47;nom
tant;46;adv_sup
sept;46;adj_num
répéter;46;ver
relâcher;46;ver
me;46;pro_per
eh;46;ono
angleterre;46;nom
soleil;45;nom
reconnaître;45;ver
quart;45;nom
mât;45;nom
haut;45;adj
fort;45;adj_sup
europe;45;nr
devant;45;pre
convenir;45;ver
colonie;45;nom
ardagh;45;nr
agir;45;ver
sembler;44;ver
porter;44;ver
plein;44;pre
côté;44;nom
comment;44;con
barre;44;nom
puisque;43;con
pensionnaire;43;nom
partie;43;nom
instant;43;nom
fond;43;nom
côte;43;nom
craindre;43;ver
car;43;con
permettre;42;ver
penser;42;ver
parage;42;nom
mouillage;42;nom
jeter;42;ver
sentir;41;ver
quelle;41;adj_int
embarquer;41;ver
compter;41;ver
chercher;41;ver
arrivée;41;nom
tomber;40;ver
rencontrer;40;ver
or;40;con
niels;40;nr
neuf;40;adj_num
jusqu_à;40;pre
journée;40;nom
garder;40;ver
farmar;40;nr
elles;40;pro_per
courant;40;adj
établir;39;ver
porte;39;nom
place;39;nom
pavillon;39;nom
maintenant;39;adv_sup
horizon;39;nom
calme;39;nom
quand;38;con
gagner;38;ver
excellent;38;adj
conduire;38;ver
atlantique;38;adj
antigoa;38;nr
ancre;38;nom
thomas;37;nom
présenter;37;ver
poste;37;nom
part;37;nom
occidental;37;adj
notre;37;adj_pos
lucie;37;nr
inde;37;nom
guadeloupe;37;nr
beau;37;adj
aussitôt;37;adv
éloigner;36;ver
valoir;36;ver
toutefois;36;adv_sup
situation;36;nom
retour;36;nom
parvenir;36;ver
ouvrir;36;ver
moi;36;pro_per
mes;36;adj_pos
gens;36;nom
dix;36;adj_num
distance;36;nom
continuer;36;ver
celui;36;pro_dem
cas;36;nom
wickborn;35;nr
ranyah;35;nr
quel;35;adj_int
près;35;pre
mot;35;nom
axel;35;nom
archipel;35;nom
étendre;34;ver
époque;34;nom
veille;34;nom
tarder;34;ver
presque;34;adv_sup
oeil;34;nom
nombre;34;nom
livre;34;nom
directeur;34;nom
devenir;34;ver
demi;34;adj_sup
commencer;34;ver
chose;34;nom
celle;34;pro_dem
albertus;34;nr
rentrer;33;ver
monter;33;ver
laquelle;33;pro_rel
dominique;33;nr
descendre;33;ver
danger;33;nom
cri;33;nom
compte;33;nom
circonstance;33;nom
bande;33;nom
songer;32;ver
ordre;32;nom
navigation;32;nom
leuwen;32;nr
favorable;32;adj
chacun;32;pro_ind
bientôt;32;adv
barrand;32;nr
appeler;32;ver
abandonner;32;ver
quai;31;nom
près_de;31;adv
matin;31;nom
jusqu_au;31;pre
impossible;31;adj
hunier;31;nom
honneur;31;nom
déjeuner;31;ver
d_abord;31;adv_sup
cogh;31;nr
approcher;31;ver
ami;31;nom
afin;31;adv_sup
voici;30;pre
tandis_que;30;con
séparer;30;ver
sud;30;nom
répliquer;30;ver
mal;30;adv_sup
espérer;30;ver
envoyer;30;ver
diriger;30;ver
concours;30;nom
cap;30;nom
assurément;30;adv
amener;30;ver
somme;29;nom
seulement;29;adv
relever;29;ver
nuage;29;nom
indiquer;29;ver
canal;29;nom
boursier;29;adj
atteindre;29;ver
arrêter;29;ver
économe;28;nom
voix;28;nom
steamer;28;nom
pourquoi;28;con
plutôt;28;adv
mois;28;nom
misaine;28;nom
martin;28;nom
lettre;28;nom
huit;28;adj_num
heureux;28;adj
halifax;28;nr
finir;28;ver
environ;28;nom_sup
tête;27;nom
surface;27;nom
servir;27;ver
retrouver;27;ver
produire;27;ver
pousser;27;ver
offrir;27;ver
nos;27;adj_pos
monde;27;nom
marcher;27;ver
hollandais;27;nom
hisser;27;ver
effectuer;27;ver
disposition;27;nom
ciel;27;nom
chaque;27;adj_ind
chance;27;nom
campagne;27;nom
cale;27;nom
c3;27;nr
vivre;26;ver
surprendre;26;ver
serpent;26;nom
remonter;26;ver
officier;26;nom
océan;26;nom
mauvais;26;adj
manière;26;nom
lequel;26;pro_rel
danois;26;adj
coucher;26;ver
causer;26;ver
arbre;26;nom
appartenir;26;ver
visite;25;nom
souffler;25;ver
rejoindre;25;ver
police;25;nom
nord;25;nom
minute;25;nom
importer;25;ver
ici;25;adv_sup
grâce;25;pre
franchir;25;ver
excursion;25;nom
difficile;25;adj
coeur;25;nom
brume;25;nom
autant;25;adv_sup
vapeur;24;nom
table;24;nom
suffire;24;ver
service;24;nom
regarder;24;ver
ramener;24;ver
puisqu;24;con
posséder;24;ver
personnel;24;adj
pays;24;nom
maison;24;nom
irlande;24;nr
inquiétude;24;nom
dépasser;24;ver
croix;24;nom
conserver;24;ver
bras;24;nom
bourse;24;nom
antilie;24;nr
affaire;24;nom
achever;24;ver
éviter;23;ver
éprouver;23;ver
votre;23;adj_pos
tirer;23;ver
tempête;23;nom
tard;23;adv_sup
soin;23;nom
retard;23;nom
quoi;23;pro_rel
noir;23;adj
naturel;23;adj
mesure;23;nom
habitude;23;nom
fin;23;nom
dormir;23;ver
disparaître;23;ver
colon;23;nom
wagah;22;nr
vingt;22;adj_num
unir;22;ver
tu;22;pro_per
tour;22;nom
sérieux;22;adj
sommeil;22;nom
semaine;22;nom
seconde;22;nom
regagner;22;ver
prêt;22;adj
oublier;22;ver
nul;22;adj_ind
nord_est;22;nom
mètre;22;nom
misérable;22;adj
midi;22;nom
matinée;22;nom
maritime;22;adj
liverpool;22;nr
littoral;22;nom
intention;22;nom
habitant;22;nom
force;22;nom
fixer;22;ver
durer;22;ver
commander;22;ver
barthélemy;22;nr
tribord;21;nom
sud_ouest;21;nom
regard;21;nom
propos;21;nom
profiter;21;ver
parfois;21;adv_sup
obliger;21;ver
malfaiteur;21;nom
ligne;21;nom
latin;21;adj
kilomètre;21;nom
houle;21;nom
hauteur;21;nom
feu;21;nom
extrême;21;adj
demain;21;adv_sup
dame;21;ono
constables;21;nr
cinquante;21;adj_num
certain;21;adj_ind
britannique;21;adj
bout;21;nom
aviron;21;nom
asseoir;21;ver
alizé;21;nom
voilure;20;nom
suivant;20;pre
souvenir;20;ver
rue;20;nom
recherche;20;nom
prison;20;nom
possession;20;nom
pirate;20;nom
nécessaire;20;adj
mouvement;20;nom
marée;20;nom
manquer;20;ver
index;20;nom
important;20;adj
imaginer;20;ver
guère;20;adv
gros;20;adj
george;20;nr
expliquer;20;ver
espoir;20;nom
entrer;20;ver
droit;20;nom
dehors;20;ono
confiance;20;nom
certaine;20;adj_ind
caraïbe;20;nom
autour;20;adv_sup
attention;20;ono
air;20;nom
admettre;20;ver
écouter;19;ver
écouler;19;ver
échanger;19;ver
voisin;19;nom
voilà;19;pre
violent;19;adj
vie;19;nom
telle;19;adj_ind
risquer;19;ver
rire;19;ver
précaution;19;nom
prudent;19;adj
projet;19;nom
prime;19;nom
parent;19;nom
pacifique;19;adj
loin;19;adv_sup
installer;19;ver
hors;19;pre
guerre;19;nom
groupe;19;nom
fugitif;19;nom
essex;19;nr
entrée;19;nom
entraîner;19;ver
entier;19;adj
emparer;19;ver
décider;19;ver
début;19;nom
débarquer;19;ver
divers;19;adj_ind
date;19;nom
cours;19;nom
concerner;19;ver
commerce;19;nom
charger;19;ver
changer;19;ver
bâbord;19;nom
bourses_de_voyage;19;nr
appuyer;19;ver
accompagner;19;ver
accepter;19;ver
w;18;nom
vitesse;18;nom
vieux;18;adj
verre;18;nom
vergue;18;nom
toucher;18;ver
title;18;nr
taverne;18;nom
surplus;18;nom
réponse;18;nom
revoir;18;nom
retourner;18;ver
remplir;18;ver
prolonger;18;ver
prochain;18;adj
php;18;nr
pensée;18;nom
onze;18;adj_num
occasion;18;nom
hôte;18;nom
exposer;18;ver
essayer;18;ver
esprit;18;nom
défendre;18;ver
digne;18;adj
complet;18;adj
au_dessus;18;pre
appareiller;18;ver
accueil;18;nom
accoster;18;ver
étonner;17;ver
établissement;17;nom
élève;17;nom
vif;17;adj
vaste;17;adj
touriste;17;nom
terme;17;nom
sûr;17;adj
suédois;17;nom
sud_est;17;nom
situer;17;ver
salut;17;ono
réussir;17;ver
résister;17;ver
retarder;17;ver
remettre;17;ver
remarquer;17;ver
quelles;17;adj_int
quartier;17;nom
prévenir;17;ver
présent;17;nom
présence;17;nom
précisément;17;adv
pitre;17;nom
parmi;17;pre
nombreux;17;adj
naître;17;ver
maintenir;17;ver
juste;17;adj_sup
jusqu;17;pre
intérieur;17;nom
idée;17;nom
hollande;17;nom
habiter;17;ver
glisser;17;ver
empêcher;17;ver
emporter;17;ver
dîner;17;nom
doux;17;adj
cuisinier;17;nom
corps;17;nom
conversation;17;nom
citation;17;nom
christian;17;nr
chez;17;pre
ceux_ci;17;pro_dem
capitale;17;nom
bruit;17;nom
blanc;17;adj
avantage;17;nom
appareillage;17;nom
30;17;num
vingt_quatre;16;adj_num
traiter;16;ver
tel;16;adj_ind
surtout;16;adv_sup
sujet;16;nom
réveiller;16;ver
réunir;16;ver
riche;16;adj
repas;16;nom
quelques_uns;16;pro_ind
pourvoir;16;ver
population;16;nom
plupart;16;adv_sup
phrase;16;nom
particulièrement;16;adv
nouvelle;16;adj
nationalité;16;nom
mériter;16;ver
mère;16;nom
morden;16;nr
meilleur;16;adj
marine;16;adj
manoeuvrer;16;ver
langue;16;nom
gaillard;16;nom
fréquenter;16;ver
frais;16;adj
fox;16;nom
foc;16;nom
exploration;16;nom
espagnol;16;nom
ensemble;16;adv
désirer;16;ver
disposer;16;ver
derrière;16;pre
christophe;16;nr
ceux;16;pro_dem
brigantine;16;nom
blue;16;nr
attirer;16;ver
apparaître;16;ver
amérique;16;nom
amarre;16;nom
agréable;16;adj
épais;15;adj
virer;15;ver
traverser;15;ver
terminer;15;ver
sucre;15;nom
sp;15;nr
soirée;15;nom
second;15;adj
saluer;15;ver
retirer;15;ver
rang;15;nom
qualité;15;nom
prudence;15;nom
provision;15;nom
principal;15;adj
passage;15;nom
parcourir;15;ver
panneau;15;nom
outre;15;nom_sup
oncle;15;nom
obscurité;15;nom
nording;15;nr
mouiller;15;ver
ma;15;adj_pos
léger;15;adj
lieutenant;15;nom
importance;15;nom
house;15;nom
frapper;15;ver
forêt;15;nom
forme;15;nom
flot;15;nom
fenêtre;15;nom
façon;15;nom
désir;15;nom
découvrir;15;ver
domaine;15;nom
destination;15;nom
crier;15;ver
couper;15;ver
commandant;15;nom
cacher;15;ver
aube;15;pre
apprendre;15;ver
annoncer;15;ver
aider;15;ver
aide;15;nom
a9cial;15;nr
éclater;14;ver
âgé;14;adj
virgile;14;nr
vain;14;adj
troisième;14;nom
terrible;14;adj
tenter;14;ver
tendre;14;ver
suède;14;nom
surprise;14;nom
superbe;14;adj
suite;14;nom
souvent;14;adv_sup
sorte;14;nom
sol;14;nom
signaler;14;ver
satisfaction;14;nom
résultat;14;nom
royaume;14;nom
retenir;14;ver
ressentir;14;ver
regretter;14;ver
refuser;14;ver
rapprocher;14;ver
pêche;14;nom
prévoir;14;ver
préparer;14;ver
pourtant;14;adv_sup
poisson;14;nom
plaisir;14;nom
placer;14;ver
parole;14;nom
origine;14;nom
naviguer;14;ver
nature;14;nom
montagne;14;nom
million;14;nom_sup
malgré;14;pre
lors;14;adv_sup
livrer;14;ver
larguer;14;ver
lame;14;nom
juin;14;nom
inutile;14;adj
incident;14;nom
général;14;adj
fichier;14;nom
extrémité;14;nom
endroit;14;nom
diminuer;14;ver
davantage;14;adv_sup
couvrir;14;ver
contraire;14;nom
contenir;14;ver
considérable;14;adj
compliment;14;nom
bouche;14;nom
auquel;14;pro_rel
août;14;nom
ancien;14;adj
absence;14;nom
1;14;num
îlot;13;nom
volontiers;13;adv_sup
violence;13;nom
tranquille;13;adj
tourner;13;ver
texte_entier;13;nr
tenue;13;nom
souffle;13;nom
septembre;13;nom
santé;13;nom
salle;13;nom
réserver;13;ver
roulis;13;nom
rencontre;13;nom
recommander;13;ver
rapporter;13;ver
rallier;13;ver
quinze;13;adj_num
promener;13;ver
planteur;13;nom
plantation;13;nom
parce_que;13;con
obtenir;13;ver
murmurer;13;ver
moyenne;13;nom
morne;13;adj
mari;13;nom
magnifique;13;adj
lui_même;13;pro_per
lire;13;ver
horace;13;nr
habitation;13;nom
généreux;13;adj
fumée;13;nom
fuir;13;ver
frère;13;nom
femme;13;nom
exiger;13;ver
enlever;13;ver
décidément;13;adv
débarrasser;13;ver
durant;13;pre
douze;13;adj_num
diverses;13;adj_ind
dieu;13;nom
demeurer;13;ver
culture;13;nom
crime;13;nom
conseil;13;nom
connaissance;13;nom
compromettre;13;ver
communication;13;nom
chiffre;13;nom
cadre;13;nom
boire;13;ver
besoin;13;nom
appontement;13;nom
affirmer;13;ver
adresser;13;ver
accomplir;13;ver
également;12;adv
âme;12;nom
voyageur;12;nom
voilier;12;nom
total;12;adj
saisir;12;ver
saint_pierre;12;nom
résoudre;12;ver
régler;12;ver
rivière;12;nom
reprise;12;nom
redouter;12;ver
rayon;12;nom
rappeler;12;ver
quarante_huit;12;adj_num
pénétrer;12;ver
prospérité;12;nom
promenade;12;nom
probablement;12;adv
prier;12;ver
poser;12;ver
policeman;12;nom
orage;12;nom
observation;12;nom
natal;12;adj
moitié;12;nom
massacre;12;nom
manoeuvre;12;nom
madame;12;nom_sup
juger;12;ver
jardin;12;nom
inspirer;12;ver
indigène;12;nom
impression;12;nom
immédiatement;12;adv
ignorer;12;ver
fraîchir;12;ver
formule;12;nom
fils;12;nom
exprimer;12;ver
exemple;12;nom
européen;12;nom
embrasser;12;ver
désert;12;adj
déposer;12;ver
danemark;12;nr
colonial;12;adj
cher;12;adj
certainement;12;adv
brave;12;adj
banc;12;nom
avenir;12;nom
au_delà;12;adv
argent;12;nom
antilians;12;nr
américain;12;nom
ah;12;ono
accueillir;12;ver
abri;12;nom
étendue;11;nom
éloge;11;nom
voiture;11;nom
victoria;11;nom
verne_;11;nr
travail;11;nom
séjour;11;nom
serrer;11;ver
réserve;11;nom
régulier;11;adj
région;11;nom
réclamer;11;ver
risque;11;nom
reparaître;11;ver
redescendre;11;ver
rassurer;11;ver
rare;11;adj
rapport;11;nom
préférer;11;ver
prononcer;11;ver
profondeur;11;nom
profond;11;adj
probable;11;adj
pluie;11;nom
pendre;11;ver
partager;11;ver
ordinaire;11;adj
nommer;11;ver
moindre;11;adj_sup
marigot;11;nom
lèvre;11;nom
lutte;11;nom
limite;11;nom
libre;11;adj
lesquels;11;pro_rel
lesquelles;11;pro_rel
juillet;11;nom
joie;11;nom
intérêt;11;nom
introduire;11;ver
inquiéter;11;ver
impatience;11;nom
histoire;11;nom
habituer;11;ver
goût;11;nom
flanc;11;nom
figurer;11;ver
figure;11;nom
estomac;11;nom
employer;11;ver
désigner;11;ver
dépêcher;11;ver
durée;11;nom
demi_heure;11;nom
dangereux;11;adj
croiser;11;ver
crainte;11;nom
contenter;11;ver
citer;11;ver
chaud;11;adj
chapeau;11;nom
cesser;11;ver
capot;11;nom
cadavre;11;nom
bridgetown;11;nr
border;11;ver
bandit;11;nom
apparence;11;nom
allure;11;nom
adresse;11;nom
action;11;nom
acte;11;nom
accorder;11;ver
accord;11;nom
_tome_1;11;nr
_hetzel;11;nr
_1904;11;nr
7;11;num
éventualité;10;nom
émotion;10;nom
élever;10;ver
école;10;nom
ça;10;pro_dem
véritable;10;adj
vos;10;adj_pos
viande;10;nom
usage;10;nom
trouble;10;nom
toile;10;nom
tantôt;10;adv
siècle;10;nom
sage;10;adj
sac;10;nom
réflexion;10;nom
réduire;10;ver
réalité;10;nom
retentir;10;ver
responsabilité;10;nom
renoncer;10;ver
reconduire;10;ver
recommandation;10;nom
rapidement;10;adv
ranger;10;ver
prêter;10;ver
préparatif;10;nom
proposition;10;nom
promettre;10;ver
pratique;10;adj
poursuivre;10;ver
poursuite;10;nom
perroquet;10;nom
pareil;10;adj
nègre;10;nom
noyau;10;nom
nord_ouest;10;nom
mont;10;nom
modification;10;nom
menacer;10;ver
membre;10;nom
manger;10;ver
malheur;10;nom
jusqu_aux;10;nr
jusant;10;nom
julian;10;nr
insister;10;ver
incendie;10;nom
immobile;10;adj
gouverneur;10;nom
golfe;10;nom
franc;10;adj
fournir;10;ver
fonder;10;ver
fonction;10;nom
fermer;10;ver
facile;10;adj
entretenir;10;ver
enfant;10;nom
encalminé;10;adj
détail;10;nom
dépense;10;nom
définitivement;10;adv
découverte;10;nom
dur;10;adj
dissiper;10;ver
couleur;10;nom
conclure;10;ver
combien;10;adv_sup
choisir;10;ver
changement;10;nom
centaine;10;nom
caractère;10;nom
butlar;10;nr
but;10;nom
bureau;10;nom
bref;10;adv
bordée;10;nom
bastingage;10;nom
aviso;10;nom
auxquels;10;pro_rel
auparavant;10;adv_sup
aujourd_hui;10;adv_sup
audace;10;nom
attitude;10;nom
appréhension;10;nom
affecter;10;ver
actuellement;10;adv
3;10;num
évidemment;9;adv
égard;9;nom
échelle;9;nom
victime;9;nom
troubler;9;ver
ton;9;nom_sup
taille;9;nom
sympathique;9;adj
subir;9;ver
steward;9;nom
spécial;9;adj
soutenir;9;ver
signe;9;nom
sauver;9;ver
satisfaire;9;ver
retomber;9;ver
respirer;9;ver
renouveler;9;ver
remercier;9;ver
remerciement;9;nom
refuge;9;nom
reconnaissance;9;nom
périr;9;ver
péril;9;nom
propriété;9;nom
proposer;9;ver
prisonnier;9;nom
philsburg;9;nr
pari;9;nom
parfait;9;adj
paquebot;9;nom
papier;9;nom
ouragan;9;nom
oreille;9;nom
opération;9;nom
oh;9;ono
objet;9;nom
nécessité;9;nom
noter;9;ver
mâture;9;nom
mort;9;nom
mollir;9;ver
modifier;9;ver
marché;9;nom
légèrement;9;adv
lorgnette;9;nom
londres;9;nr
kate;9;nr
journal;9;nom
itinéraire;9;nom
interrompre;9;ver
individu;9;nom
incliner;9;ver
habituel;9;adj
guillon;9;nr
fortune;9;nom
former;9;ver
fer;9;nom
fatigue;9;nom
fameux;9;adj
falaise;9;nom
exécuter;9;ver
estimer;9;ver
escouade;9;nom
entièrement;9;adv
dégager;9;ver
défense;9;nom
duquel;9;pro_rel
drame;9;nom
double;9;adj
dominer;9;ver
distinguer;9;ver
diable;9;ono
degré;9;nom
continent;9;nom
constater;9;ver
complice;9;nom
classer;9;ver
cinquième;9;nom
château;9;nom
choix;9;nom
chemin;9;nom
chef;9;nom
chaleur;9;nom
certaines;9;adj_ind
celui_ci;9;pro_dem
cambuse;9;nom
bristol;9;nom
borner;9;ver
bois;9;nom
biscuit;9;nom
bermudes;9;nr
avancer;9;ver
autorité;9;nom
audacieux;9;adj
atmosphérique;9;adj
aspect;9;nom
amarrer;9;ver
allonger;9;ver
agent;9;nom
admirer;9;ver
adieu;9;nom
abriter;9;ver
évasion;8;nom
étroit;8;adj
époux;8;nom
élevé;8;adj
âge;8;nom
zone;8;nom
vite;8;adv_sup
vingtaine;8;nom
villa;8;nom
tropical;8;adj
trente_six;8;adj_num
trente;8;adj_num
transporter;8;ver
tentative;8;nom
tangage;8;nom
suspect;8;nom
surveiller;8;ver
street;8;nr
signal;8;nom
sauter;8;ver
rôle;8;nom
résulter;8;ver
robert;8;nom
remplacer;8;ver
regret;8;nom
recueillir;8;ver
rafale;8;nom
raconter;8;ver
quinzaine;8;nom
quels;8;adj_int
père;8;nom
puissance;8;nom
précipiter;8;ver
prix;8;nom
presser;8;ver
portsmouth;8;nr
peupler;8;ver
peler;8;ver
patience;8;nom
oxford;8;nr
originaire;8;adj
orienter;8;ver
négliger;8;ver
néanmoins;8;con
menu;8;nom
massacrer;8;ver
malheureux;8;adj
lointain;8;adj
jouer;8;ver
joindre;8;ver
intéressant;8;adj
intervenir;8;ver
industriel;8;adj
imposer;8;ver
heureusement;8;adv
henry;8;nom
gêner;8;ver
grave;8;adj
gouvernail;8;nom
fréquemment;8;adv
froid;8;adj
forcer;8;ver
flamme;8;nom
favoriser;8;ver
faute;8;nom
fanal;8;nom
faible;8;adj
explication;8;nom
espace;8;nom
envie;8;nom
ensuite;8;adv_sup
engager;8;ver
encablure;8;nom
domination;8;nom
disputer;8;ver
discussion;8;nom
cour;8;nom
coque;8;nom
conduite;8;nom
communiquer;8;ver
commun;8;adj
commettre;8;ver
colomb;8;nr
chaîne;8;nom
champ;8;nom
chambre;8;nom
certains;8;adj_ind
castries;8;nr
caisse;8;nom
cabinet;8;nom
brouillard;8;nom
bretagne;8;nr
branche;8;nom
bourg;8;nom
baril;8;nom
balancer;8;ver
avouer;8;ver
avis;8;nom
aventure;8;nom
artimon;8;nom
apporter;8;ver
acquérir;8;ver
accroître;8;ver
28;8;num
26;8;num
22;8;num
20;8;num
2;8;num
éveiller;7;ver
étude;7;nom
étranger;7;nom
énergie;7;nom
élancer;7;ver
éducation;7;nom
éclairé;7;adj
xvii;7;nr
vêtement;7;nom
vérité;7;nom
vraiment;7;adv
vider;7;ver
vainement;7;adv
vacance;7;nom
uns;7;pro_ind
tâche;7;nom
troupe;7;nom
transatlantique;7;nom
trace;7;nom
toi;7;pro_per
toast;7;nom
tels;7;adj_ind
supérieur;7;adj
superficie;7;nom
succès;7;nom
successivement;7;adv
souhaiter;7;ver
souffrir;7;ver
sommet;7;nom
soixantaine;7;nom
soi;7;pro_per
soeur;7;nom
sinon;7;con
simple;7;adj
signifier;7;ver
septentrional;7;adj
seize;7;adj_num
secouer;7;ver
sang;7;nom
reptile;7;nom
reposer;7;ver
relâches;7;nr
redingote;7;nom
recourir;7;ver
rapidité;7;nom
rapide;7;adj
raidir;7;ver
race;7;nom
quoique;7;con
pur;7;adj
prétendre;7;ver
provoquer;7;ver
proie;7;nom
programme;7;nom
professeur;7;nom
preuve;7;nom
position;7;nom
portant;7;adj
poche;7;nom
plaisanter;7;ver
pauvre;7;adj
par_dessus;7;pre
négociant;7;nom
ned;7;nr
naturellement;7;adv
mêler;7;ver
métier;7;nom
morceau;7;nom
mexique;7;nr
mariage;7;nom
lunette;7;nom
louvoyer;7;ver
longtemps;7;adv_sup
lieue;7;nom
lancer;7;ver
jouir;7;ver
joli;7;adj
james;7;nr
intéresser;7;ver
interroger;7;ver
informer;7;ver
indien;7;nom
in;7;adj_sup
imprudence;7;nom
honnête;7;adj
haler;7;ver
habit;7;nom
grève;7;nom
geste;7;nom
fuite;7;nom
fruit;7;nom
formidable;7;adj
flotter;7;ver
filer;7;ver
fatiguer;7;ver
expédier;7;ver
existence;7;nom
espèce;7;nom
esclave;7;nom
erreur;7;nom
errer;7;ver
enfuir;7;ver
embarquement;7;nom
e;7;nom_sup
défaut;7;nom
déborder;7;ver
doubler;7;ver
dix_sept;7;adj_num
dix_neuf;7;adj_num
deuxième;7;adj
destiner;7;ver
descendant;7;nom
dedans;7;adv_sup
cuisine;7;nom
croiseur;7;nom
cove;7;nr
coutelas;7;nom
contrée;7;nom
considérer;7;ver
consacrer;7;ver
confortable;7;adj
conformer;7;ver
concordia;7;nr
comptabilité;7;nom
colère;7;nom
cloison;7;nom
cite_ref;7;nr
cite_note;7;nr
centre;7;nom
celles;7;pro_dem
carte;7;nom
cape;7;nom
canne;7;nom
baisser;7;ver
aventurer;7;ver
avaler;7;ver
autrement;7;adv
auteur;7;nom
attribuer;7;ver
antiliane;7;nr
angelum;7;nr
amure;7;nom
aisément;7;adv
aimer;7;ver
admiration;7;nom
absolument;7;adv
abord;7;nom
6;7;num
5;7;num
4;7;num
29;7;num
23;7;num
21;7;num
étoile;6;nom
épuiser;6;ver
énergique;6;adj
égal;6;adj
éclat;6;nom
échouer;6;ver
vivement;6;adv
visible;6;adj
vingt_cinq;6;adj_num
vide;6;adj
valise;6;nom
valeur;6;nom
télégramme;6;nom
tuer;6;ver
tropique;6;nom
tromper;6;ver
trigonocéphale;6;nr
traîner;6;ver
travailler;6;ver
train;6;nom
traduire;6;ver
tonne;6;nom
thé;6;nom
testament;6;nom
tempérament;6;nom
te;6;pro_per
tandis_qu;6;con
sympathie;6;nom
suspendre;6;ver
superficiel;6;adj
suffisant;6;adj
succéder;6;ver
soumettre;6;ver
souhait;6;nom
solide;6;adj
soixante;6;adj_num
soif;6;nom
signer;6;ver
sien;6;pro_pos
serré;6;adj
sentiment;6;nom
sec;6;adj
scolaire;6;adj
sauf;6;pre
sanglant;6;adj
sang_froid;6;nom
réprimer;6;ver
réglementaire;6;adj
réfugier;6;ver
rosam;6;nr
roche;6;nom
respectueux;6;adj
représenter;6;ver
relevé;6;adj
rejeter;6;ver
redoutable;6;adj
rechercher;6;ver
quatrième;6;nom
quarante;6;adj_num
période;6;nom
production;6;nom
poitrine;6;nom
plaindre;6;ver
physionomie;6;nom
ombre;6;nom
oiseau;6;nom
obéir;6;ver
obscur;6;adj
notable;6;adj
neptune;6;nr
nantes;6;nr
n_est_ce_pas;6;adv_sup
méridional;6;adj
ménager;6;ver
mémoire;6;nom
moyen;6;nom
mourir;6;ver
minuit;6;nom
millier;6;nom
militaire;6;adj
merci;6;ono
légitime;6;adj
lutter;6;ver
lumière;6;nom
lourd;6;adj
longueur;6;nom
liquide;6;nom
liberté;6;nom
letorum;6;nr
ledit;6;adj
latitude;6;nom
largement;6;adv
joyeux;6;adj
jean;6;nom
jambe;6;nom
invitation;6;nom
institution;6;nom
instinct;6;nom
information;6;nom
inconnu;6;nom
improbable;6;adj
imagination;6;nom
hôtel;6;nom
hurrah;6;nom
humain;6;adj
hauban;6;nom
habitacle;6;nom
habile;6;adj
gin;6;nom
féliciter;6;ver
futur;6;adj
foi;6;nom
fly;6;nr
flottant;6;adj
fire;6;nr
farouche;6;adj
faim;6;nom
facilement;6;adv
face;6;nom
excès;6;nom
excellence;6;nom
examiner;6;ver
escale;6;nom
entourer;6;ver
désirade;6;nr
désastre;6;nom
déployer;6;ver
dénouement;6;nom
délai;6;nom
déhaler;6;ver
douzaine;6;nom
dix_huit;6;adj_num
dirigeant;6;nom
directement;6;adv
dessus;6;adv_sup
demi_mille;6;nom
curieux;6;adj
courrier;6;nom
couchant;6;adj
coton;6;nom
contourner;6;ver
conséquence;6;nom
consentir;6;ver
concession;6;nom
compatriote;6;nom
coin;6;nom
classe;6;nom
clapotis;6;nom
cité;6;nom
charbon;6;nom
chaloupe;6;nom
certes;6;adv_sup
cerise;6;nom
celle_ci;6;pro_dem
ceinture;6;nom
capable;6;adj
cabestan;6;nom
c_est_à_dire;6;adv_sup
brandy;6;nom
boussole;6;nom
battre;6;ver
avancé;6;adj
attacher;6;ver
ascension;6;nom
appliquer;6;ver
agricole;6;adj
afrique;6;nr
abominable;6;adj
9;6;num
63;6;num
55;6;num
25;6;num
24;6;num
223;6;num
207;6;num
19;6;num
18;6;num
17;6;num
15;6;num
12;6;num
103;6;num
éveil;5;nom
éteindre;5;ver
étaler;5;ver
étai;5;nom
épouvantable;5;adj
énorme;5;adj
ému;5;adj
élément;5;nom
wikimedia;5;nr
well;5;nr
voyager;5;ver
volonté;5;nom
vive;5;ono
visiteur;5;nom
vigoureux;5;adj
veiller;5;ver
uniquement;5;adv
témoigner;5;ver
témoignage;5;nom
trinité;5;nom
tremblement;5;nom
toilette;5;nom
tiers;5;nom
tiens;5;ono
texte;5;nom
température;5;nom
telles;5;adj_ind
taud;5;nr
soupçonner;5;ver
soupçon;5;nom
soudain;5;adv_sup
sombre;5;adj
simplement;5;adv
sillage;5;nom
silence;5;nom
sienne;5;pro_pos
secousse;5;nom
salin;5;adj
saison;5;nom
résolution;5;nom
réseau;5;nom
régularité;5;nom
régner;5;ver
réclamation;5;nom
récit;5;nom
réaliser;5;ver
règle;5;nom
rouge;5;adj
rose_croix;5;nom
riposter;5;ver
rhum;5;nom
revêtir;5;ver
repos;5;nom
renfermer;5;ver
remède;5;nom
remarquable;5;adj
relation;5;nom
redoubler;5;ver
questionner;5;ver
quelqu_un;5;pro_ind
quatre_vingts;5;adj_num
quarantaine;5;nom
préoccuper;5;ver
précédent;5;adj
protéger;5;ver
propriétaire;5;nom
propre;5;adj
propager;5;ver
profondément;5;adv
proclamer;5;ver
principalement;5;adv
pressant;5;adj
prescription;5;nom
poignée;5;nom
pièce;5;nom
pilote;5;nom
perspective;5;nom
personnage;5;nom
permission;5;nom
penchant;5;nom
payer;5;ver
passion;5;nom
parfaitement;5;adv
paix;5;nom
opposer;5;ver
octobre;5;nom
occasionner;5;ver
noyer;5;ver
nourriture;5;nom
niveau;5;nom
mêmes;5;pro_ind
mesurer;5;ver
masse;5;nom
marchand;5;nom
manifester;5;ver
malade;5;adj
là_bas;5;adv
lueur;5;nom
lentement;5;adv
lampe;5;nom
justifier;5;ver
justice;5;nom
jadis;5;adv_sup
ivrogne;5;nom
isthme;5;nom
issue;5;nom
invité;5;nom
inutilement;5;adv
inquiétant;5;adj
inférieur;5;adj
indispensable;5;adj
incessamment;5;adv
immense;5;adj
imaginera;5;nr
i;5;nom
hâter;5;ver
hune;5;nom
hospitalité;5;nom
herbe;5;nom
gravité;5;nom
gravir;5;ver
gratification;5;nom
grain;5;nom
goutte;5;nom
gauche;5;nom
fâcheux;5;adj
fréter;5;ver
fraîcheur;5;nom
fouler;5;ver
foule;5;nom
forster;5;nr
flibustier;5;nom
fertilité;5;nom
falkes;5;nr
fait;5;nom
exécution;5;nom
exécutif;5;adj
expérience;5;nom
expédition;5;nom
exciter;5;ver
exagération;5;nom
envahir;5;ver
entretien;5;nom
endormir;5;ver
emplir;5;ver
effrayer;5;ver
effort;5;nom
dévorer;5;ver
détruire;5;ver
dépit;5;nom
dépenser;5;ver
défiance;5;nom
déchaîner;5;ver
décharge;5;nom
droite;5;nom
dizaine;5;nom
distraire;5;ver
dissimuler;5;ver
discuter;5;ver
dimension;5;nom
différent;5;adj
difficulté;5;nom
dessiner;5;ver
debout;5;adv_sup
crête;5;nom
criminel;5;nom
court;5;adj
couler;5;ver
corne;5;nom
copenhague;5;nr
contraindre;5;ver
consommation;5;nom
conseiller;5;ver
conscience;5;nom
confondre;5;ver
communicatif;5;adj
collision;5;nom
cime;5;nom
chasser;5;ver
chargement;5;nom
cause;5;nom
carénage;5;nom
cargaison;5;nom
capturer;5;ver
calmir;5;ver
calmer;5;ver
cacatois;5;nom
cabane;5;nom
bénéfice;5;nom
briller;5;ver
brick;5;nom
bossoir;5;nom
bonnette;5;nom
bonheur;5;nom
bob;5;nom
bleu;5;adj
beauté;5;nom
beaucoup;5;adv_sup
assister;5;ver
arrondissement;5;nom
arracher;5;ver
arborer;5;ver
appétit;5;nom
appel;5;nom
appartement;5;nom
apaiser;5;ver
antilienne;5;nr
angle;5;nom
altitude;5;nom
africain;5;adj
affaler;5;ver
administratif;5;adj
accrocher;5;ver
accident;5;nom
8;5;num
51;5;num
40;5;num
313;5;num
31;5;num
2ftexte;5;nr
213;5;num
16;5;num
11;5;num
étrave;4;nom
équilibre;4;nom
éprouvé;4;adj
épreuve;4;nom
épaule;4;nom
épargner;4;ver
électrique;4;adj
écume;4;nom
écrire;4;ver
éclairer;4;ver
échange;4;nom
écarter;4;ver
wisky;4;nr
warden;4;nr
vêtir;4;ver
vraisemblablement;4;adv
voisinage;4;nom
voiler;4;ver
vivier;4;nom
village;4;nom
vigueur;4;nom
vigie;4;nom
vierge;4;nom
vergall;4;nr
vanter;4;ver
usine;4;nom
tôt;4;adv
tumulte;4;nom
trigonocéphales;4;nr
trentaine;4;nom
trafic;4;nom
tort;4;nom
tonnage;4;nom
toise;4;nom
tiroir;4;nom
timonier;4;nom
tendance;4;nom
tabac;4;nom
sûreté;4;nom
sémaphore;4;nom
symptôme;4;nom
supposer;4;ver
stationnaire;4;adj
spécialement;4;adv
soustraire;4;ver
soulèvement;4;nom
sombrer;4;ver
solidement;4;adv
soixante_dix;4;adj_num
sixième;4;adj
sincère;4;adj
siens;4;pro_pos
sensible;4;adj
semblable;4;adj
sanatorium;4;nom
salubre;4;adj
salon;4;nom
rêve;4;nom
résistance;4;nom
résider;4;ver
résidence;4;nom
réfléchir;4;ver
réception;4;nom
rude;4;adj
rouler;4;ver
rotterdam;4;nr
roseau;4;nom
roi;4;nom
richesse;4;nom
restreint;4;adj
repartir;4;ver
renseignement;4;nom
relief;4;nom
relayer;4;ver
relativement;4;adv
refermer;4;ver
redresser;4;ver
redevenir;4;ver
reculer;4;ver
reclus;4;adj
rassurant;4;adj
queue;4;nom
quatorze;4;adj_num
pôle;4;nom
pêcheur;4;nom
prévoyant;4;adj
prélart;4;nr
précision;4;nom
précis;4;adj
provenir;4;ver
proprement;4;adv
projeter;4;ver
procéder;4;ver
procurer;4;ver
porto;4;nom
politique;4;nom
politesse;4;nom
plonger;4;ver
planter;4;ver
plaine;4;nom
pitié;4;nom
pic;4;nom
physique;4;adj
persistant;4;adj
percer;4;ver
patron;4;nom
particulier;4;adj
paroi;4;nom
parer;4;ver
pantalon;4;nom
palmier;4;nom
osciller;4;ver
oriental;4;adj
ordonner;4;ver
opérer;4;ver
opulent;4;adj
opinion;4;nom
nickel;4;nom
neveu;4;nom
navigateur;4;nom
nation;4;nom
méthode;4;nom
munir;4;ver
mouillé;4;adj
montant;4;nom
monstre;4;nom
moeurs;4;nom
modérer;4;ver
minutieux;4;adj
micro;4;nom
mener;4;ver
maudit;4;adj
marier;4;ver
manchester;4;nr
légume;4;nom
lune;4;nom
longue_vue;4;nom
london;4;nr
limiter;4;ver
lier;4;ver
libérer;4;ver
lee;4;nr
largeur;4;nom
langage;4;nom
lac;4;nom
juge;4;nom
jpg;4;nr
jeu;4;nom
jemmapes;4;nr
jaune;4;adj
isolé;4;adj
islands;4;nr
irréprochable;4;adj
intelligent;4;adj
intelligence;4;nom
instruction;4;nom
installation;4;nom
inquiet;4;adj
ingens;4;nr
infortuné;4;adj
indice;4;nom
inconvénient;4;nom
incertain;4;adj
imprimer;4;ver
importé;4;adj
impatient;4;adj
immobiliser;4;ver
hésiter;4;ver
hypothèse;4;nom
horreur;4;nom
hommage;4;nom
hasarder;4;ver
hasard;4;nom
hardi;4;adj
habileté;4;nom
générosité;4;nom
guetter;4;ver
gréement;4;nom
gouvernement;4;nom
gotteborg;4;nr
gaz;4;nom
gagnant;4;nom
gabier;4;nom
franco;4;adv_sup
franchement;4;adv
fourneau;4;nom
fouiller;4;ver
fonctionnaire;4;nom
flatter;4;ver
fier;4;adj
fidèle;4;adj
feuille;4;nom
faux;4;adj
faillir;4;ver
facilité;4;nom
extérieur;4;adj
extrêmement;4;adv
extraordinaire;4;adj
exister;4;ver
exercice;4;nom
excursionniste;4;nom
exception;4;nom
exactement;4;adv
exact;4;adj
ex;4;nr
eux_mêmes;4;pro_per
essuyer;4;ver
escalier;4;nom
er;4;nr
entrevoir;4;ver
entrepôt;4;nom
enfermer;4;ver
endormi;4;adj
empire;4;nom
empailler;4;ver
embarras;4;nom
elisa;4;nr
effroyable;4;adj
effrayant;4;adj
edward;4;nr
dériver;4;ver
déplacer;4;ver
dépendre;4;ver
dénomination;4;nom
drisse;4;nom
douteux;4;adj
domestique;4;nom
doigt;4;nom
diviser;4;ver
distraction;4;nom
dessous;4;nom_sup
cérémonie;4;nom
célèbre;4;adj
céder;4;ver
cyclone;4;nom
cuirassé;4;nom
cuba;4;nr
cratère;4;nom
couronne;4;nom
courage;4;nom
cordial;4;nom
convive;4;nom
contact;4;nom
consulter;4;ver
construire;4;ver
constant;4;adj
considération;4;nom
conserve;4;nom
conquête;4;nom
congé;4;nom
confort;4;nom
confier;4;ver
comté;4;nom
comte;4;nom
composer;4;ver
compléter;4;ver
compagnie;4;nom
commercial;4;adj
commandement;4;nom
colline;4;nom
coiffer;4;ver
citron;4;nom
cirer;4;ver
cinquantaine;4;nom
châtiment;4;nom
châtelain;4;nom
chef_lieu;4;nom
chasse;4;nom
centrale;4;nom
capture;4;nom
capote;4;nom
canon;4;nom
café;4;nom
cacaoyers;4;nr
bâtir;4;ver
banquet;4;nom
bagage;4;nom
auberge;4;nom
atmosphère;4;nom
armer;4;ver
ardent;4;adj
apprécier;4;ver
anselme;4;nr
amphithéâtre;4;nom
allumer;4;ver
aimable;4;adj
agile;4;adj
aggraver;4;ver
affranchi;4;nom
activité;4;nom
accès;4;nom
abîme;4;nom
abattre;4;ver
abaisser;4;ver
99;4;num
95;4;num
94;4;num
93;4;num
92;4;num
91;4;num
88;4;num
87;4;num
86;4;num
85;4;num
84;4;num
83;4;num
82;4;num
81;4;num
80;4;num
79;4;num
78;4;num
77;4;num
76;4;num
75;4;num
74;4;num
73;4;num
72;4;num
71;4;num
70;4;num
69;4;num
68;4;num
67;4;num
66;4;num
62;4;num
61;4;num
60;4;num
59;4;num
54;4;num
53;4;num
52;4;num
49;4;num
48;4;num
47;4;num
46;4;num
45;4;num
44;4;num
43;4;num
42;4;num
41;4;num
39;4;num
38;4;num
37;4;num
36;4;num
35;4;num
34;4;num
314;4;num
311;4;num
310;4;num
309;4;num
308;4;num
307;4;num
304;4;num
303;4;num
302;4;num
301;4;num
300;4;num
299;4;num
298;4;num
297;4;num
296;4;num
295;4;num
294;4;num
293;4;num
292;4;num
291;4;num
290;4;num
287;4;num
286;4;num
285;4;num
284;4;num
283;4;num
280;4;num
279;4;num
278;4;num
277;4;num
276;4;num
275;4;num
274;4;num
271;4;num
270;4;num
27;4;num
269;4;num
268;4;num
267;4;num
264;4;num
263;4;num
262;4;num
261;4;num
260;4;num
259;4;num
258;4;num
257;4;num
255;4;num
254;4;num
253;4;num
252;4;num
251;4;num
247;4;num
246;4;num
245;4;num
244;4;num
243;4;num
239;4;num
238;4;num
237;4;num
236;4;num
235;4;num
232;4;num
231;4;num
230;4;num
229;4;num
228;4;num
227;4;num
226;4;num
225;4;num
222;4;num
221;4;num
220;4;num
219;4;num
215;4;num
214;4;num
212;4;num
211;4;num
206;4;num
205;4;num
204;4;num
203;4;num
201;4;num
199;4;num
198;4;num
197;4;num
196;4;num
195;4;num
193;4;num
192;4;num
191;4;num
190;4;num
189;4;num
188;4;num
187;4;num
186;4;num
185;4;num
184;4;num
183;4;num
182;4;num
181;4;num
180;4;num
179;4;num
178;4;num
177;4;num
176;4;num
175;4;num
174;4;num
173;4;num
172;4;num
171;4;num
170;4;num
167;4;num
166;4;num
165;4;num
164;4;num
163;4;num
160;4;num
159;4;num
158;4;num
157;4;num
156;4;num
155;4;num
154;4;num
153;4;num
152;4;num
151;4;num
150;4;num
149;4;num
148;4;num
147;4;num
146;4;num
145;4;num
144;4;num
143;4;num
142;4;num
141;4;num
140;4;num
14;4;num
139;4;num
138;4;num
137;4;num
136;4;num
135;4;num
134;4;num
133;4;num
132;4;num
131;4;num
130;4;num
13;4;num
127;4;num
126;4;num
125;4;num
124;4;num
123;4;num
120;4;num
119;4;num
118;4;num
117;4;num
116;4;num
115;4;num
114;4;num
113;4;num
112;4;num
111;4;num
110;4;num
109;4;num
108;4;num
107;4;num
106;4;num
105;4;num
102;4;num
101;4;num
100;4;num
10;4;num
évoluer;3;ver
éventer;3;ver
étonnement;3;nom
éternel;3;adj
éteint;3;adj
étang;3;nom
étage;3;nom
équinoxe;3;nom
équateur;3;nom
épouvante;3;nom
émettre;3;ver
émancipation;3;nom
élégant;3;adj
électeur;3;nom
égarer;3;ver
écriture;3;nom
écosser;3;ver
éclair;3;nom
écart;3;nom
ébranler;3;ver
çà;3;adv
zénith;3;nom
zèle;3;nom
yacht;3;nom
www;3;nr
véritablement;3;adv
vraisemblable;3;adj
volute;3;nom
voie;3;nom
voeu;3;nom
vis_à_vis;3;pre
veuf;3;nom
va_et_vient;3;nom
utrecht;3;nr
utiliser;3;ver
ustensile;3;nom
unique;3;adj
uniforme;3;nom
type;3;nom
tugs;3;nr
trousse;3;nom
trou;3;nom
triple;3;adj
trente_sept;3;adj_num
trente_quatre;3;adj_num
transmettre;3;ver
tranquillité;3;nom
trajet;3;nom
tonneau;3;nom
tome;3;nom
titre;3;nom
tendu;3;adj
tellement;3;adv
talent;3;nom
tableau;3;nom
série;3;nom
sécurité;3;nom
système;3;nom
surveillance;3;nom
surouets;3;nr
surgir;3;ver
supporter;3;ver
suggérer;3;ver
succomber;3;ver
stopper;3;ver
sport;3;nom
special;3;nr
souverain;3;nom
sourire;3;nom
souple;3;adj
soulever;3;ver
souffrance;3;nom
soucieux;3;adj
sonore;3;adj
solaire;3;adj
soixante_dix_sept;3;adj_num
soigneusement;3;adv
siège;3;nom
singulier;3;adj
silhouette;3;nom
sieste;3;nom
serviable;3;adj
serra;3;nom
selon;3;pre
secret;3;nom
secours;3;nom
scène;3;nom
scientifique;3;adj
scandinave;3;nom
saurer;3;ver
satisfaisant;3;adj
san;3;nr
salé;3;adj
révéler;3;ver
résistant;3;adj
résigner;3;ver
réputation;3;nom
réintégrer;3;ver
référence;3;nom
rédiger;3;ver
récolte;3;nom
roue;3;nom
rose;3;adj
ronflement;3;nom
robuste;3;adj
rive;3;nom
rivage;3;nom
rico;3;nr
revolver;3;nom
revers;3;nom
restituer;3;ver
restant;3;nom
requin;3;nom
reprocher;3;ver
repasser;3;ver
remorque;3;nom
remise;3;nom
remarquablement;3;adv
religieux;3;adj
relier;3;ver
relater;3;ver
refaire;3;ver
rechange;3;nom
ravage;3;nom
ration;3;nom
rasseoir;3;ver
rade;3;nom
quotidien;3;adj
quor;3;nr
quo;3;nr
quiconque;3;pro_rel
quelconque;3;adj_sup
quarante_cinq;3;adj_num
périlleux;3;adj
public;3;adj
prévision;3;nom
présider;3;ver
présidence;3;nom
présentation;3;nom
profit;3;nom
privé;3;adj
poster;3;ver
polaire;3;adj
plume;3;nom
pleurer;3;ver
plausible;3;adj
plateau;3;nom
plat;3;adj
plaire;3;ver
pirogue;3;nom
phare;3;nom
perturbation;3;nom
persister;3;ver
perdition;3;nom
peau;3;nom
patient;3;nom
partout;3;adv_sup
partance;3;nom
parier;3;ver
parallèle;3;adj
panne;3;nom
ovide;3;nr
outil;3;nom
oser;3;ver
organiser;3;ver
opposé;3;adj
opportun;3;adj
oeuvre;3;nom
oeuf;3;nom
nourrir;3;ver
note;3;nom
northumberland;3;nr
noeud;3;nom
nausée;3;nom
naufrage;3;nom
naturaliste;3;nom
national;3;adj
naissance;3;nom
nager;3;ver
méthodique;3;adj
multiple;3;adj
mousse;3;nom
motif;3;nom
mine;3;nom
mien;3;pro_pos
merveilleux;3;adj
merveille;3;nom
mentionner;3;ver
mediawiki;3;nr
marsouin;3;nom
marquer;3;ver
maniable;3;adj
malchance;3;nom
malaise;3;nom
majorité;3;nom
mai;3;nom
loustic;3;nom
loup;3;nom
longer;3;ver
loisir;3;nom
lit;3;nom
lisse;3;adj
lien;3;nom
lent;3;adj
lecture;3;nom
larme;3;nom
keazcg5xfwwi;3;nr
justement;3;adv
jusque;3;pre
jeunesse;3;nom
javascript;3;nr
jaloux;3;adj
jalousie;3;nom
ivresse;3;nom
ivre;3;adj
ironiquement;3;adv
inébranlable;3;adj
intrépide;3;adj
intervention;3;nom
intermittent;3;adj
intendant;3;nom
inonder;3;ver
influence;3;nom
infiniment;3;adv
inefficace;3;adj
indication;3;nom
incohérent;3;adj
incapable;3;adj
impuissance;3;nom
impossibilité;3;nom
importation;3;nom
immédiat;3;adj
immensité;3;nom
iii;3;nr
ii;3;nr
ignorant;3;adj
identité;3;nom
héler;3;ver
hâte;3;nom
hurras;3;nr
horrible;3;adj
horloge;3;nom
honorer;3;ver
hip;3;ono
heurter;3;ver
hache;3;nom
habiller;3;ver
géographique;3;adj
guyanes;3;nr
gustavia;3;nr
guide;3;nom
gré;3;nom
grouper;3;ver
grimper;3;ver
great;3;nr
gratitude;3;nom
graduellement;3;adv
gouverner;3;ver
goulet;3;nom
gorgée;3;nom
gonfler;3;ver
gilet;3;nom
genre;3;nom
garde;3;nom
fête;3;nom
fureur;3;nom
fréquent;3;adj
fructueux;3;adj
front;3;nom
foyer;3;nom
foundation;3;nr
formuler;3;ver
formalité;3;nom
forfait;3;nom
fonctionner;3;ver
flèche;3;nom
flotte;3;nom
flottaison;3;nom
floride;3;nr
fièvre;3;nom
finalement;3;adv
fertile;3;adj
fbclid;3;nr
faveur;3;nom
faubourg;3;nom
farine;3;nom
faiblesse;3;nom
exprès;3;adj
expression;3;nom
explorer;3;ver
exercer;3;ver
exempt;3;adj
excuser;3;ver
examen;3;nom
exactitude;3;nom
espérance;3;nom
espars;3;nom
envier;3;ver
entêter;3;ver
entrevue;3;nom
entreprise;3;nom
enrouler;3;ver
engloutir;3;ver
enfléchures;3;nr
enchanté;3;adj
empresser;3;ver
empressement;3;nom
emploi;3;nom
emmener;3;ver
embouchure;3;nom
ego;3;nom
edit;3;nr
déverser;3;ver
détroit;3;nom
désespérer;3;ver
dérouler;3;ver
dérive;3;nom
déraper;3;ver
déplacement;3;nom
dépister;3;ver
démarche;3;nom
délicieux;3;adj
défoncer;3;ver
définitif;3;adj
défier;3;ver
déferler;3;ver
débuter;3;ver
débarquement;3;nom
déambuler;3;ver
dudit;3;pre
drapeau;3;nom
douter;3;ver
doucement;3;adv
dormeur;3;nom
domingue;3;nr
distingué;3;adj
distinctement;3;adv
dignité;3;nom
différence;3;nom
dies;3;nr
diem;3;nom
deviner;3;ver
dessert;3;nom
dent;3;nom
cultiver;3;ver
créole;3;adj
coûter;3;ver
couverture;3;nom
course;3;nom
couronnement;3;nom
corde;3;nom
copieusement;3;adv
convulsion;3;nom
convenance;3;nom
convenablement;3;adv
convaincre;3;ver
contrebande;3;nom
contrarier;3;ver
construction;3;nom
conformément;3;adv
concevoir;3;ver
compas;3;nom
comparer;3;ver
commerçant;3;nom
colonne;3;nom
colonel;3;nom
codington;3;nr
climat;3;nom
clair;3;adj
citerne;3;nom
circulaire;3;adj
christiantoed;3;nr
cheveu;3;nom
charmant;3;adj
charlotte;3;nom
charles;3;nr
chantier;3;nom
cession;3;nom
cesse;3;nom
casser;3;ver
case;3;nom
carrière;3;nom
carpe;3;nom
carnet;3;nom
caravelle;3;nom
caractériser;3;ver
caféier;3;nom
cabotage;3;nom
cabaret;3;nom
bête;3;nom
bâton;3;nom
buée;3;nom
budget;3;nom
brûlant;3;adj
bruyant;3;adj
bruiner;3;ver
brown;3;nr
brouiller;3;ver
britain;3;nr
bravo;3;nom
braver;3;ver
braquer;3;ver
bouton;3;nom
bouteille;3;nom
bonites;3;nr
bond;3;nom
blé;3;nom
blessure;3;nom
bienfaiteur;3;nom
bibliothèque;3;nom
besogne;3;nom
bec;3;nom
bassin;3;nom
baromètre;3;nom
balle;3;nom
baleine;3;nom
bahama;3;nr
aîné;3;adj
aviser;3;ver
aventurier;3;nom
avantageux;3;adj
avant_hier;3;adv
auxquelles;3;pro_rel
australie;3;nr
aumônier;3;nom
attraper;3;ver
attabler;3;ver
assurance;3;nom
assistance;3;nom
assiette;3;nom
asie;3;nr
art;3;nom
arrondir;3;ver
arrestation;3;nom
approvisionner;3;ver
approbation;3;nom
apprentissage;3;nom
anxiété;3;nom
antille;3;nr
annuellement;3;adv
anguilla;3;nr
amurer;3;nr
amical;3;adj
amalia;3;nr
alimenter;3;ver
alerte;3;ono
alcool;3;nom
agréablement;3;adv
agité;3;adj
affréter;3;ver
administrer;3;ver
administration;3;nom
acquisition;3;nom
accéder;3;ver
accompli;3;adj
accidenté;3;adj
accabler;3;ver
absolu;3;adj
aboutir;3;ver
abondance;3;nom
abandon;3;nom
98;3;num
97;3;num
96;3;num
90;3;num
89;3;num
7386220;3;num
65;3;num
57;3;num
56;3;num
50;3;num
33;3;num
32;3;num
312;3;num
306;3;num
305;3;num
289;3;num
288;3;num
282;3;num
281;3;num
273;3;num
272;3;num
266;3;num
265;3;num
256;3;num
250;3;num
249;3;num
248;3;num
242;3;num
240;3;num
234;3;num
233;3;num
224;3;num
218;3;num
217;3;num
216;3;num
210;3;num
209;3;num
208;3;num
202;3;num
200;3;num
194;3;num
1904;3;num
1794;3;num
169;3;num
168;3;num
1648;3;num
162;3;num
161;3;num
129;3;num
128;3;num
122;3;num
121;3;num
104;3;num
ôter;2;ver
étinceler;2;ver
étape;2;nom
étanche;2;adj
éreinter;2;ver
épouvanté;2;adj
épouser;2;ver
épave;2;nom
épaissir;2;ver
énoncer;2;ver
émigration;2;nom
émerveiller;2;ver
élisée;2;nr
électricité;2;nom
égorger;2;ver
église;2;nom
égalité;2;nom
égaler;2;ver
économat;2;nom
écho;2;nom
ébène;2;nom
zélande;2;nr
yole;2;nom
yachtman;2;nom
xiv;2;nr
xiii;2;nr
xii;2;nr
xi;2;nr
x;2;adj_num
vérifier;2;ver
voûte;2;nom
votis;2;nr
vol;2;nom
vivats;2;nom
vivant;2;adj
vivacité;2;nom
visage;2;nom
vingt_deux;2;adj_num
vincent;2;nr
vin;2;nom
viii;2;nr
vii;2;nr
vieillard;2;nom
vieil;2;adj
vi;2;nr
vexer;2;ver
vert;2;adj
version;2;nom
verser;2;ver
verne;2;nom
verger;2;nom
verdure;2;nom
venizolans;2;nr
venezuela;2;nr
vendre;2;ver
veine;2;nom
vauclin;2;nr
varié;2;adj
varier;2;ver
valide;2;adj
vaillant;2;adj
v;2;nom_sup
utilisation;2;nom
urville;2;nr
unième;2;adj
union;2;nom
téthys;2;nr
témoin;2;nom
trésor;2;nom
trente_cinq;2;adj_num
tremblotant;2;adj
treize;2;adj_num
traquer;2;ver
transport;2;nom
transe;2;nom
trahir;2;ver
traditionnel;2;adj
tracer;2;ver
tournant;2;nom
tourmenter;2;ver
torture;2;nom
torrentiel;2;adj
titus;2;nr
théâtre;2;nom
thérapeutique;2;adj
testamentaire;2;adj
territoire;2;nom
terrestre;2;adj
terrain;2;nom
tendrement;2;adv
tenancier;2;nom
taps;2;nr
tap;2;ono
talis;2;nr
taire;2;ver
tafia;2;nom
sévère;2;adj
sérieusement;2;adv
séparé;2;adj
sénateur;2;nom
séjourner;2;ver
syllabe;2;nom
survenir;2;ver
surveillant;2;nom
surexciter;2;ver
supériorité;2;nom
suprême;2;adj
suisse;2;adj
sueur;2;nom
succession;2;nom
stupéfaction;2;nom
stream;2;nr
stationner;2;ver
standard;2;adj
stace;2;nr
stabuli;2;nr
squale;2;nom
spasme;2;nom
spacieux;2;adj
souveraineté;2;nom
sous_marin;2;adj
source;2;nom
souplesse;2;nom
soupir;2;nom
soucier;2;ver
souci;2;nom
sortie;2;nom
sonner;2;ver
sommaire;2;adj
sombrero;2;nom
solicitor;2;nom
soixante_dix_neuf;2;adj_num
soixante_dix_huit;2;adj_num
soie;2;nom
société;2;nom
site;2;nom
singe;2;nom
sincèrement;2;adv
simpson;2;nr
sillonner;2;ver
signification;2;nom
signature;2;nom
signare;2;nr
shilling;2;nom
shake;2;nr
sex;2;nr
semis;2;nom
sel;2;nom
scriptorium;2;nr
science;2;nom
savant;2;nom
satané;2;adj
salubrité;2;nom
salerne;2;nr
sagesse;2;nom
sachet;2;nom
rêver;2;ver
révolte;2;nom
réservoir;2;nom
répulsion;2;nom
république;2;nom
réparer;2;ver
régulièrement;2;adv
réfugié;2;nom
réel;2;adj
récréation;2;nom
récrimination;2;nom
réconforter;2;ver
récompenser;2;ver
récif;2;nom
réchauffer;2;ver
récemment;2;adv
râtelier;2;nom
ruelle;2;nom
rubrique;2;nom
roux;2;nom
rouvrir;2;ver
rousselan;2;nr
ronger;2;ver
rond;2;nom
rompre;2;ver
rivalité;2;nom
rival;2;nom
riposte;2;nom
rios;2;nr
rigueur;2;nom
rideau;2;nom
ride;2;nom
rez_de_chaussée;2;nom
revanche;2;nom
returntoquery;2;nr
returnto;2;nr
retentissant;2;adj
resplendissant;2;adj
repoussant;2;adj
renfermé;2;adj
rendez_vous;2;nom
remuer;2;ver
rembarquer;2;ver
rejeton;2;nom
registre;2;nom
refus;2;nom
redire;2;ver
recouvrer;2;ver
reconnaissant;2;adj
recommencer;2;ver
recette;2;nom
rebrousser;2;ver
ravitailler;2;ver
ravager;2;ver
rattacher;2;ver
raser;2;ver
rarement;2;adv
rapproché;2;adj
randomrootpage;2;nr
ramper;2;ver
rambarde;2;nom
ramasser;2;ver
rajuster;2;ver
raisonnable;2;adj
railway;2;nom
rafraîchir;2;ver
racine;2;nom
quos;2;nr
qui_vive;2;ono
quelquefois;2;adv_sup
quarante_deux;2;adj_num
qualification;2;nom
pêcher;2;ver
péripétie;2;nom
pâturage;2;nom
pâlir;2;ver
pâle;2;adj
purement;2;adv
puissant;2;adj
prétention;2;nom
président;2;nom
présentement;2;adv
préoccupation;2;nom
préférence;2;nom
préférable;2;adj
précédemment;2;adv
préciser;2;ver
proximité;2;nom
propreté;2;nom
proportion;2;nom
promis;2;adj
promesse;2;nom
prolongé;2;adj
progrès;2;nom
progressif;2;adj
profitable;2;adj
procédé;2;nom
principe;2;nom
primé;2;adj
premi;2;nr
poussière;2;nom
poupe;2;nom
pouf;2;ono
portrait;2;nom
portland;2;nom
portion;2;nom
portatif;2;adj
portail;2;nom
pomme;2;nom
pointer;2;ver
poignard;2;nom
poids;2;nom
plantureux;2;adj
plan;2;nom
plaisanterie;2;nom
plain;2;nom
plage;2;nom
piton;2;nom
pistolet;2;nom
pis;2;adv_sup
piraterie;2;nom
piquer;2;ver
pincer;2;ver
pierre;2;nom
photographie;2;nom
pharmacie;2;nom
pente;2;nom
peindre;2;ver
passerelle;2;nom
passant;2;nom
paroisse;2;nom
parlement;2;nom
parfaire;2;ver
pardon;2;ono
panache;2;nom
pan;2;nom
palan;2;nom
p;2;nr
ouvert;2;adj
oscillation;2;nom
originel;2;adj
orgueil;2;nom
orageux;2;adj
ophidien;2;nom
oldid;2;nr
office;2;nom
of;2;nr
octroyer;2;ver
obtention;2;nom
obstacle;2;nom
observateur;2;nom
oblique;2;adj
obligation;2;nom
objection;2;nom
numéro;2;nom
numérique;2;adj
novice;2;nom
normand;2;adj
nomenclature;2;nom
nocturne;2;adj
nièce;2;nom
nez;2;nom
méridien;2;nom
mélanger;2;ver
méditerrané;2;adj
mécène;2;nom
mystère;2;nom
mystification;2;nom
mur;2;nom
muet;2;adj
mr;2;nr
moule;2;nom
mouchoir;2;nom
mou;2;adj
morsure;2;nom
morgue;2;nom
mordre;2;ver
moral;2;adj
montserrat;2;nr
modeste;2;adj
moderne;2;adj
mobile;2;nom
mistress;2;nr
minutie;2;nom
menaçant;2;adj
matinal;2;adj
matelas;2;nom
mat;2;nom
marécage;2;nom
martial;2;adj
marque;2;nom
marguerite;2;nom
marais;2;nom
manifestation;2;nom
manche;2;nom
malédiction;2;nom
magellan;2;nr
magasin;2;nom
machine;2;nom
légèreté;2;nom
législatif;2;adj
lâcher;2;ver
là_dedans;2;adv
lourdement;2;adv
louer;2;ver
lord;2;nom
loi;2;nom
loger;2;ver
lof;2;nom
local;2;adj
livide;2;adj
littéraire;2;adj
lest;2;nom
lenteur;2;nom
latiniste;2;nom
largué;2;adj
lapillo;2;nr
lactea;2;nr
laborieux;2;adj
juron;2;nom
jules_verne;2;nr
jules;2;nom
jouet;2;nom
jauger;2;ver
jamaïque;2;nr
jacques;2;nom
jacob;2;nom
ix;2;nr
iv;2;nr
irruption;2;nom
ironique;2;adj
inépuisable;2;adj
inégal;2;adj
involontaire;2;adj
inviter;2;ver
invisible;2;adj
invasion;2;nom
intimer;2;ver
international;2;adj
intermittence;2;nom
interdire;2;ver
intelligemment;2;adv
insulaire;2;adj
insuffisant;2;adj
instrument;2;nom
instruit;2;adj
instance;2;nom
insensible;2;adj
inscrire;2;ver
inoubliable;2;adj
ingrédient;2;nom
infusoire;2;nom
inexpérimenté;2;adj
inexplicable;2;adj
industrie;2;nom
indiscret;2;adj
indifférent;2;adj
incomparable;2;adj
inclination;2;nom
incessant;2;adj
incendier;2;ver
incalculable;2;adj
inadmissible;2;adj
impôt;2;nom
imprudent;2;adj
impressionner;2;ver
imposant;2;adj
impatiemment;2;adv
imiter;2;ver
imbiber;2;ver
identique;2;adj
hésitation;2;nom
héritier;2;nom
héritage;2;nom
hâlé;2;adj
hydrographique;2;adj
hurlement;2;nom
huile;2;nom
hublot;2;nom
houille;2;nom
horn;2;nr
horizontale;2;nom
hoc;2;nr
hetzel;2;nr
haïti;2;nr
hautain;2;adj
hausse;2;nom
harpon;2;nom
harmonie;2;nom
harbour;2;nr
hampe;2;nom
halte;2;ono
gésir;2;ver
gérant;2;nom
géographie;2;nom
généralement;2;adv
génois;2;adj
gymnotes;2;nr
gulf;2;nr
guinée;2;nom
guider;2;ver
gueule;2;nom
grossir;2;ver
grossier;2;adj
grindah;2;nr
gratifier;2;ver
grandir;2;ver
grand_peine;2;adv
globe;2;nom
glace;2;nom
gibier;2;nom
gentleman;2;nom
gentil;2;adj
gemma;2;nr
gare;2;ono
garantir;2;ver
gant;2;nom
galant;2;adj
fût;2;nom
férocité;2;nom
féroce;2;adj
frêle;2;adj
froideur;2;nom
friction;2;nom
frederichstoed;2;nr
frayer;2;ver
françois;2;nr
franchise;2;nom
fourberie;2;nom
formel;2;adj
fléau;2;nom
florissant;2;adj
flanelle;2;nom
flag;2;nom
financier;2;adj
ferrure;2;nom
fermé;2;adj
favori;2;nom
fauve;2;nom
fauteuil;2;nom
facteur;2;nom
faconde;2;nom
exubérant;2;adj
extérieurement;2;adv
expérimenté;2;adj
exportation;2;nom
exploiter;2;ver
exploitation;2;nom
explicite;2;adj
excepté;2;adj
etc;2;adv
esturgeon;2;nom
estrade;2;nom
espagne;2;nr
esclavage;2;nom
escalade;2;nom
erat;2;nr
environnant;2;adj
entretenu;2;adj
entreprendre;2;ver
entremêlèrent;2;nr
enseignant;2;nom
enrichir;2;ver
enquête;2;nom
ennuyer;2;ver
enjamber;2;ver
enfiler;2;ver
endosser;2;ver
encrier;2;nom
encourager;2;ver
enclin;2;adj
enchanter;2;ver
emprunter;2;ver
emplanture;2;nom
empirer;2;ver
emphatique;2;adj
empaillé;2;adj
embarrassant;2;adj
embardée;2;nom
embarder;2;nr
effroi;2;nom
efficacité;2;nom
efficace;2;adj
effectueraient;2;nr
dévoué;2;adj
dévier;2;ver
développement;2;nom
détourner;2;ver
détour;2;nom
détonation;2;nom
détestable;2;adj
déterminer;2;ver
détenir;2;ver
détacher;2;ver
désobliger;2;ver
désobligeant;2;adj
désireux;2;adj
déshabiller;2;ver
désespoir;2;nom
désemparer;2;ver
désagréable;2;adj
déralingués;2;nr
député;2;nom
dépeindre;2;ver
départir;2;ver
démonté;2;adj
démarrer;2;ver
délire;2;nom
déhalé;2;nr
défricher;2;ver
déferlante;2;nom
défavorable;2;adj
défaire;2;ver
déduire;2;ver
dédain;2;nom
dédaigner;2;ver
décrire;2;ver
découvreur;2;nom
déclaration;2;nom
déclamer;2;ver
décevoir;2;ver
déception;2;nom
débris;2;nom
déboucher;2;ver
débattre;2;ver
durable;2;adj
dumont;2;nr
drôle;2;adj
dresser;2;ver
douleur;2;nom
douer;2;ver
doublage;2;nom
dos;2;nom
donnée;2;nom
donate;2;nr
diégo;2;nr
divorce;2;nom
divin;2;adj
diversité;2;nom
distribution;2;nom
distinct;2;adj
distant;2;adj
dissipé;2;adj
disparition;2;nom
discret;2;adj
discipline;2;nom
direct;2;adj
digérer;2;ver
différer;2;ver
différents;2;adj_ind
diamant;2;nom
diablotin;2;nom
devancer;2;ver
deus;2;nr
desclieux;2;nr
denrée;2;nom
demi_douzaine;2;nom
demeure;2;nom
davis;2;nr
darder;2;ver
damner;2;ver
célébrer;2;ver
câbler;2;ver
custos;2;nr
cuivre;2;nom
cuir;2;nom
crépuscule;2;nom
créer;2;ver
cruel;2;adj
cruauté;2;nom
croissant;2;adj
creuser;2;ver
cravate;2;nom
cras;2;nr
coves;2;nr
couteau;2;nom
courbe;2;nom
couple;2;nom
coulant;2;adj
cotonniers;2;nr
coter;2;ver
costume;2;nom
correct;2;adj
cordage;2;nom
coralligène;2;nr
coquin;2;nom
cook;2;nr
convoitise;2;nom
convenable;2;adj
contredire;2;ver
contrecoup;2;nom
contre_courants;2;nr
contrariant;2;adj
continental;2;adj
contester;2;ver
contenance;2;nom
contempler;2;ver
consultant;2;nom
constituer;2;ver
consentement;2;nom
conquérant;2;nom
connecter;2;ver
condamner;2;ver
concert;2;nom
comptoir;2;nom
comptable;2;nom
compromis;2;nom
compromettraient;2;nr
comporter;2;ver
complètement;2;adv
complication;2;nom
comparaison;2;nom
comble;2;nom
combiné;2;adj
collodion;2;nom
clore;2;ver
clientèle;2;nom
clef;2;nom
claquer;2;ver
clameur;2;nom
clairière;2;nom
civil;2;nom
city;2;nom
cingler;2;ver
chronométrique;2;nr
choc;2;nom
chine;2;nom
cheval;2;nom
chenal;2;nom
cheminée;2;nom
chauffer;2;ver
chat;2;nom
charité;2;nom
charitable;2;adj
charbonnier;2;adj
chapitre_xv;2;nr
chagriné;2;adj
censitaires;2;nr
ceci;2;pro_dem
catégorie;2;nom
catastrophe;2;nom
cataclysme;2;nom
cat;2;nr
caserne;2;nom
carribee;2;nr
carlisle;2;nr
carguer;2;ver
caressant;2;adj
carabine;2;nom
canotage;2;nom
cannibalisme;2;nom
cancer;2;nom
camp;2;nom
calcutta;2;nr
calculer;2;ver
calcaire;2;nom
cage;2;nom
béret;2;nom
by;2;nom
brûler;2;ver
brésil;2;nom
brutal;2;adj
brusque;2;adj
brisé;2;adj
brillant;2;adj
break;2;nom
brassée;2;nom
boîte;2;nom
bottine;2;nom
botte;2;nom
botanique;2;adj
bordure;2;nom
bonté;2;nom
bonjour;2;nom
blottir;2;ver
blond;2;nom
bloc;2;nom
birkenhead;2;nr
bienvenu;2;nom
belfast;2;nr
bdv016;2;nr
bdv012;2;nr
base;2;nom
barrer;2;ver
barque;2;nom
barbe;2;nom
barbades;2;nr
balancement;2;nom
bailler;2;ver
aventureux;2;adj
avarie;2;nom
avance;2;nom
autrefois;2;pro_ind
augmenter;2;ver
aucunement;2;adv_sup
au_devant;2;adv
attribution;2;nom
attaquer;2;ver
atque;2;nr
assigner;2;ver
assaillir;2;ver
asphyxier;2;ver
asile;2;nom
artillerie;2;nom
arsenal;2;nom
arrondi;2;adj
arranger;2;ver
arpenter;2;ver
arpent;2;nom
armée;2;nom
arme;2;nom
armateur;2;nom
ardeur;2;nom
apte;2;adj
approuver;2;ver
appontements;2;nr
antiquité;2;nom
antipathie;2;nom
antarctique;2;adj
annuler;2;ver
annuel;2;adj
annexion;2;nom
animer;2;ver
animation;2;nom
animal;2;nom
anglo_saxon;2;adj
ancêtre;2;nom
amour_propre;2;nom
amorcer;2;ver
amoindrir;2;ver
allusion;2;nom
albion;2;nr
aise;2;nom
agréer;2;ver
agiter;2;ver
affranchissement;2;nom
affirmatif;2;adj
affichage;2;nom
affaiblir;2;ver
adopter;2;ver
admissible;2;adj
admirable;2;adj
administrateur;2;nom
ad;2;nr
accuser;2;ver
accusatif;2;nom
accumuler;2;ver
accoutumer;2;ver
accommoder;2;ver
acclimater;2;ver
accentuer;2;ver
abrité;2;adj
aborder;2;ver
abonder;2;ver
abondant;2;adj
abondamment;2;adv
abolition;2;nom
a8re_partie;2;nr
64;2;num
58;2;num
3diwar1ensbmzykg4jnndgsbc9dfhabpuv_khg4om_5yykj9rs;2;nr
319;2;num
318;2;num
317;2;num
316;2;num
315;2;num
241;2;num
1784;2;num
1783;2;num
1779;2;num
1763;2;num
1718;2;num
0;2;num